Record Length,2.500000e+03,,   0.000007950000,   0.00000,
Sample Interval,2.000000e-10,,   0.000007950200,   0.00000,
Trigger Point,-3.975000000000e+04,,   0.000007950400,  -0.40000,
,,,   0.000007950600,   0.00000,
,,,   0.000007950800,   0.00000,
,,,   0.000007951000,   0.00000,
Source,CH2,,   0.000007951200,   0.40000,
Vertical Units,V,,   0.000007951400,   0.00000,
Vertical Scale,1.000000e+01,,   0.000007951600,   0.00000,
Vertical Offset,0.000000e+00,,   0.000007951800,  -0.40000,
Horizontal Units,s,,   0.000007952000,  -0.40000,
Horizontal Scale,5.000000e-08,,   0.000007952200,  -0.40000,
Pt Fmt,Y,,   0.000007952400,  -0.40000,
Yzero,0.000000e+00,,   0.000007952600,  -0.40000,
Probe Atten,1.000000e+01,,   0.000007952800,   0.00000,
Model Number,TDS2024B,,   0.000007953000,   0.00000,
Serial Number,C046999,,   0.000007953200,   0.00000,
Firmware Version,FV:v22.11,,   0.000007953400,   0.00000,
,,,0.000007953600,   0.00000,
,,,0.000007953800,   0.00000,
,,,0.000007954000,   0.00000,
,,,0.000007954200,   0.40000,
,,,0.000007954400,   0.40000,
,,,0.000007954600,   0.40000,
,,,0.000007954800,   0.00000,
,,,0.000007955000,   0.00000,
,,,0.000007955200,   0.00000,
,,,0.000007955400,   0.00000,
,,,0.000007955600,   0.00000,
,,,0.000007955800,   0.00000,
,,,0.000007956000,   0.00000,
,,,0.000007956200,   0.00000,
,,,0.000007956400,   0.00000,
,,,0.000007956600,   0.00000,
,,,0.000007956800,   0.00000,
,,,0.000007957000,   0.00000,
,,,0.000007957200,   0.00000,
,,,0.000007957400,  -0.40000,
,,,0.000007957600,  -0.40000,
,,,0.000007957800,  -0.40000,
,,,0.000007958000,  -0.40000,
,,,0.000007958200,   0.00000,
,,,0.000007958400,   0.00000,
,,,0.000007958600,   0.40000,
,,,0.000007958800,   0.40000,
,,,0.000007959000,   0.00000,
,,,0.000007959200,   0.00000,
,,,0.000007959400,  -0.40000,
,,,0.000007959600,  -0.40000,
,,,0.000007959800,  -0.40000,
,,,0.000007960000,  -0.80000,
,,,0.000007960200,  -0.40000,
,,,0.000007960400,  -0.40000,
,,,0.000007960600,  -0.40000,
,,,0.000007960800,  -0.40000,
,,,0.000007961000,  -0.40000,
,,,0.000007961200,  -0.40000,
,,,0.000007961400,  -0.40000,
,,,0.000007961600,  -0.40000,
,,,0.000007961800,  -0.40000,
,,,0.000007962000,  -0.40000,
,,,0.000007962200,  -0.40000,
,,,0.000007962400,  -0.40000,
,,,0.000007962600,  -0.40000,
,,,0.000007962800,  -0.40000,
,,,0.000007963000,  -0.40000,
,,,0.000007963200,  -0.40000,
,,,0.000007963400,  -0.40000,
,,,0.000007963600,  -0.40000,
,,,0.000007963800,  -0.40000,
,,,0.000007964000,  -0.40000,
,,,0.000007964200,  -0.40000,
,,,0.000007964400,  -0.40000,
,,,0.000007964600,  -0.40000,
,,,0.000007964800,  -0.40000,
,,,0.000007965000,  -0.40000,
,,,0.000007965200,  -0.40000,
,,,0.000007965400,  -0.80000,
,,,0.000007965600,  -0.40000,
,,,0.000007965800,  -0.40000,
,,,0.000007966000,  -0.40000,
,,,0.000007966200,   0.00000,
,,,0.000007966400,  -0.40000,
,,,0.000007966600,  -0.40000,
,,,0.000007966800,  -0.40000,
,,,0.000007967000,  -0.40000,
,,,0.000007967200,  -0.40000,
,,,0.000007967400,  -0.80000,
,,,0.000007967600,  -0.80000,
,,,0.000007967800,  -0.80000,
,,,0.000007968000,  -0.80000,
,,,0.000007968200,  -0.40000,
,,,0.000007968400,  -0.40000,
,,,0.000007968600,   0.00000,
,,,0.000007968800,  -0.40000,
,,,0.000007969000,  -0.40000,
,,,0.000007969200,  -0.40000,
,,,0.000007969400,  -0.40000,
,,,0.000007969600,   0.00000,
,,,0.000007969800,   0.40000,
,,,0.000007970000,   0.00000,
,,,0.000007970200,   0.00000,
,,,0.000007970400,  -0.40000,
,,,0.000007970600,  -0.40000,
,,,0.000007970800,  -0.40000,
,,,0.000007971000,  -0.40000,
,,,0.000007971200,   0.00000,
,,,0.000007971400,   0.00000,
,,,0.000007971600,   0.00000,
,,,0.000007971800,   0.00000,
,,,0.000007972000,   0.00000,
,,,0.000007972200,   0.00000,
,,,0.000007972400,  -0.40000,
,,,0.000007972600,  -0.40000,
,,,0.000007972800,  -0.40000,
,,,0.000007973000,  -0.40000,
,,,0.000007973200,  -0.40000,
,,,0.000007973400,  -0.40000,
,,,0.000007973600,  -0.40000,
,,,0.000007973800,  -0.40000,
,,,0.000007974000,  -0.40000,
,,,0.000007974200,   0.00000,
,,,0.000007974400,   0.00000,
,,,0.000007974600,   0.40000,
,,,0.000007974800,   0.00000,
,,,0.000007975000,   0.00000,
,,,0.000007975200,   0.00000,
,,,0.000007975400,  -0.40000,
,,,0.000007975600,   0.00000,
,,,0.000007975800,   0.00000,
,,,0.000007976000,   0.00000,
,,,0.000007976200,   0.40000,
,,,0.000007976400,   0.00000,
,,,0.000007976600,   0.00000,
,,,0.000007976800,  -0.40000,
,,,0.000007977000,  -0.40000,
,,,0.000007977200,  -0.40000,
,,,0.000007977400,  -0.40000,
,,,0.000007977600,  -0.40000,
,,,0.000007977800,  -0.40000,
,,,0.000007978000,  -0.40000,
,,,0.000007978200,  -0.40000,
,,,0.000007978400,  -0.40000,
,,,0.000007978600,  -0.40000,
,,,0.000007978800,   0.00000,
,,,0.000007979000,   0.00000,
,,,0.000007979200,   0.00000,
,,,0.000007979400,   0.00000,
,,,0.000007979600,   0.00000,
,,,0.000007979800,   0.00000,
,,,0.000007980000,   0.00000,
,,,0.000007980200,   0.00000,
,,,0.000007980400,   0.00000,
,,,0.000007980600,   0.00000,
,,,0.000007980800,  -0.40000,
,,,0.000007981000,  -0.40000,
,,,0.000007981200,  -0.40000,
,,,0.000007981400,  -0.40000,
,,,0.000007981600,  -0.40000,
,,,0.000007981800,   0.00000,
,,,0.000007982000,   0.00000,
,,,0.000007982200,   0.00000,
,,,0.000007982400,   0.00000,
,,,0.000007982600,   0.00000,
,,,0.000007982800,   0.00000,
,,,0.000007983000,   0.00000,
,,,0.000007983200,   0.00000,
,,,0.000007983400,   0.00000,
,,,0.000007983600,   0.00000,
,,,0.000007983800,   0.00000,
,,,0.000007984000,   0.00000,
,,,0.000007984200,   0.00000,
,,,0.000007984400,   0.00000,
,,,0.000007984600,   0.00000,
,,,0.000007984800,   0.00000,
,,,0.000007985000,   0.00000,
,,,0.000007985200,   0.00000,
,,,0.000007985400,   0.00000,
,,,0.000007985600,   0.00000,
,,,0.000007985800,   0.00000,
,,,0.000007986000,   0.00000,
,,,0.000007986200,   0.00000,
,,,0.000007986400,   0.00000,
,,,0.000007986600,   0.00000,
,,,0.000007986800,   0.00000,
,,,0.000007987000,   0.00000,
,,,0.000007987200,   0.00000,
,,,0.000007987400,   0.00000,
,,,0.000007987600,   0.00000,
,,,0.000007987800,   0.00000,
,,,0.000007988000,   0.00000,
,,,0.000007988200,   0.00000,
,,,0.000007988400,  -0.40000,
,,,0.000007988600,  -0.40000,
,,,0.000007988800,  -0.40000,
,,,0.000007989000,  -0.40000,
,,,0.000007989200,   0.00000,
,,,0.000007989400,  -0.40000,
,,,0.000007989600,  -0.40000,
,,,0.000007989800,  -0.40000,
,,,0.000007990000,  -0.40000,
,,,0.000007990200,  -0.40000,
,,,0.000007990400,  -0.40000,
,,,0.000007990600,  -0.40000,
,,,0.000007990800,  -0.40000,
,,,0.000007991000,  -0.40000,
,,,0.000007991200,   0.00000,
,,,0.000007991400,   0.00000,
,,,0.000007991600,   0.00000,
,,,0.000007991800,  -0.40000,
,,,0.000007992000,  -0.40000,
,,,0.000007992200,  -0.40000,
,,,0.000007992400,  -0.80000,
,,,0.000007992600,  -0.80000,
,,,0.000007992800,  -0.80000,
,,,0.000007993000,  -0.40000,
,,,0.000007993200,   0.00000,
,,,0.000007993400,  -0.40000,
,,,0.000007993600,  -0.40000,
,,,0.000007993800,  -0.40000,
,,,0.000007994000,  -0.80000,
,,,0.000007994200,  -0.40000,
,,,0.000007994400,  -0.40000,
,,,0.000007994600,  -0.40000,
,,,0.000007994800,  -0.40000,
,,,0.000007995000,  -0.40000,
,,,0.000007995200,  -0.40000,
,,,0.000007995400,  -0.40000,
,,,0.000007995600,  -0.40000,
,,,0.000007995800,  -0.40000,
,,,0.000007996000,  -0.40000,
,,,0.000007996200,  -0.40000,
,,,0.000007996400,  -0.40000,
,,,0.000007996600,  -0.40000,
,,,0.000007996800,   0.00000,
,,,0.000007997000,   0.00000,
,,,0.000007997200,   0.00000,
,,,0.000007997400,  -0.40000,
,,,0.000007997600,  -0.40000,
,,,0.000007997800,  -0.40000,
,,,0.000007998000,  -0.40000,
,,,0.000007998200,   0.00000,
,,,0.000007998400,  -0.40000,
,,,0.000007998600,  -0.40000,
,,,0.000007998800,  -0.40000,
,,,0.000007999000,  -0.40000,
,,,0.000007999200,   0.00000,
,,,0.000007999400,   0.00000,
,,,0.000007999600,   0.00000,
,,,0.000007999800,   0.00000,
,,,0.000008000000,   0.00000,
,,,0.000008000200,   0.00000,
,,,0.000008000400,   0.00000,
,,,0.000008000600,   0.00000,
,,,0.000008000800,   0.00000,
,,,0.000008001000,   0.00000,
,,,0.000008001200,   0.00000,
,,,0.000008001400,  -0.40000,
,,,0.000008001600,  -0.40000,
,,,0.000008001800,  -0.40000,
,,,0.000008002000,  -0.40000,
,,,0.000008002200,  -0.40000,
,,,0.000008002400,  -0.40000,
,,,0.000008002600,  -0.40000,
,,,0.000008002800,  -0.40000,
,,,0.000008003000,  -0.40000,
,,,0.000008003200,   0.00000,
,,,0.000008003400,  -0.40000,
,,,0.000008003600,  -0.40000,
,,,0.000008003800,  -0.40000,
,,,0.000008004000,  -0.80000,
,,,0.000008004200,  -0.40000,
,,,0.000008004400,  -0.40000,
,,,0.000008004600,  -0.40000,
,,,0.000008004800,   0.00000,
,,,0.000008005000,   0.00000,
,,,0.000008005200,   0.40000,
,,,0.000008005400,   0.40000,
,,,0.000008005600,   0.40000,
,,,0.000008005800,   0.00000,
,,,0.000008006000,   0.00000,
,,,0.000008006200,   0.00000,
,,,0.000008006400,   0.00000,
,,,0.000008006600,   0.00000,
,,,0.000008006800,   0.00000,
,,,0.000008007000,   0.00000,
,,,0.000008007200,   0.00000,
,,,0.000008007400,   0.00000,
,,,0.000008007600,   0.00000,
,,,0.000008007800,   0.00000,
,,,0.000008008000,   0.00000,
,,,0.000008008200,   0.00000,
,,,0.000008008400,   0.00000,
,,,0.000008008600,   0.00000,
,,,0.000008008800,   0.00000,
,,,0.000008009000,   0.00000,
,,,0.000008009200,   0.00000,
,,,0.000008009400,  -0.40000,
,,,0.000008009600,  -0.40000,
,,,0.000008009800,  -0.40000,
,,,0.000008010000,  -0.40000,
,,,0.000008010200,   0.00000,
,,,0.000008010400,  -0.40000,
,,,0.000008010600,  -0.40000,
,,,0.000008010800,  -0.40000,
,,,0.000008011000,  -0.40000,
,,,0.000008011200,   0.00000,
,,,0.000008011400,  -0.40000,
,,,0.000008011600,  -0.40000,
,,,0.000008011800,  -0.80000,
,,,0.000008012000,  -0.80000,
,,,0.000008012200,  -0.40000,
,,,0.000008012400,  -0.40000,
,,,0.000008012600,   0.00000,
,,,0.000008012800,   0.40000,
,,,0.000008013000,   0.40000,
,,,0.000008013200,   0.40000,
,,,0.000008013400,   0.00000,
,,,0.000008013600,  -0.40000,
,,,0.000008013800,  -0.80000,
,,,0.000008014000,  -0.80000,
,,,0.000008014200,  -0.40000,
,,,0.000008014400,  -0.40000,
,,,0.000008014600,  -0.40000,
,,,0.000008014800,  -0.40000,
,,,0.000008015000,  -0.40000,
,,,0.000008015200,  -0.40000,
,,,0.000008015400,  -0.40000,
,,,0.000008015600,  -0.40000,
,,,0.000008015800,   0.00000,
,,,0.000008016000,   0.00000,
,,,0.000008016200,   0.40000,
,,,0.000008016400,   0.00000,
,,,0.000008016600,   0.00000,
,,,0.000008016800,   0.00000,
,,,0.000008017000,   0.00000,
,,,0.000008017200,   0.00000,
,,,0.000008017400,   0.00000,
,,,0.000008017600,   0.00000,
,,,0.000008017800,  -0.40000,
,,,0.000008018000,  -0.40000,
,,,0.000008018200,  -0.40000,
,,,0.000008018400,  -0.80000,
,,,0.000008018600,  -0.40000,
,,,0.000008018800,  -0.40000,
,,,0.000008019000,  -0.40000,
,,,0.000008019200,   0.00000,
,,,0.000008019400,   0.00000,
,,,0.000008019600,   0.00000,
,,,0.000008019800,   0.00000,
,,,0.000008020000,   0.00000,
,,,0.000008020200,   0.00000,
,,,0.000008020400,  -0.40000,
,,,0.000008020600,  -0.40000,
,,,0.000008020800,  -0.40000,
,,,0.000008021000,  -0.40000,
,,,0.000008021200,  -0.40000,
,,,0.000008021400,  -0.40000,
,,,0.000008021600,  -0.40000,
,,,0.000008021800,  -0.40000,
,,,0.000008022000,  -0.40000,
,,,0.000008022200,  -0.40000,
,,,0.000008022400,  -0.40000,
,,,0.000008022600,  -0.40000,
,,,0.000008022800,  -0.40000,
,,,0.000008023000,  -0.40000,
,,,0.000008023200,  -0.40000,
,,,0.000008023400,  -0.40000,
,,,0.000008023600,  -0.40000,
,,,0.000008023800,   0.00000,
,,,0.000008024000,   0.00000,
,,,0.000008024200,   0.00000,
,,,0.000008024400,   0.00000,
,,,0.000008024600,   0.00000,
,,,0.000008024800,  -0.40000,
,,,0.000008025000,  -0.40000,
,,,0.000008025200,  -0.40000,
,,,0.000008025400,  -0.40000,
,,,0.000008025600,  -0.40000,
,,,0.000008025800,  -0.40000,
,,,0.000008026000,  -0.40000,
,,,0.000008026200,  -0.40000,
,,,0.000008026400,  -0.40000,
,,,0.000008026600,  -0.40000,
,,,0.000008026800,  -0.40000,
,,,0.000008027000,  -0.40000,
,,,0.000008027200,   0.00000,
,,,0.000008027400,   0.00000,
,,,0.000008027600,   0.40000,
,,,0.000008027800,   0.00000,
,,,0.000008028000,   0.00000,
,,,0.000008028200,   0.00000,
,,,0.000008028400,  -0.40000,
,,,0.000008028600,   0.00000,
,,,0.000008028800,   0.00000,
,,,0.000008029000,   0.00000,
,,,0.000008029200,   0.40000,
,,,0.000008029400,   0.00000,
,,,0.000008029600,   0.00000,
,,,0.000008029800,   0.00000,
,,,0.000008030000,   0.00000,
,,,0.000008030200,   0.00000,
,,,0.000008030400,   0.00000,
,,,0.000008030600,   0.00000,
,,,0.000008030800,   0.00000,
,,,0.000008031000,   0.00000,
,,,0.000008031200,   0.00000,
,,,0.000008031400,   0.00000,
,,,0.000008031600,   0.00000,
,,,0.000008031800,   0.00000,
,,,0.000008032000,   0.00000,
,,,0.000008032200,   0.00000,
,,,0.000008032400,  -0.40000,
,,,0.000008032600,  -0.40000,
,,,0.000008032800,  -0.40000,
,,,0.000008033000,  -0.40000,
,,,0.000008033200,   0.00000,
,,,0.000008033400,   0.00000,
,,,0.000008033600,   0.00000,
,,,0.000008033800,  -0.40000,
,,,0.000008034000,  -0.40000,
,,,0.000008034200,  -0.40000,
,,,0.000008034400,  -0.40000,
,,,0.000008034600,  -0.40000,
,,,0.000008034800,  -0.40000,
,,,0.000008035000,  -0.40000,
,,,0.000008035200,  -0.40000,
,,,0.000008035400,  -0.40000,
,,,0.000008035600,  -0.40000,
,,,0.000008035800,  -0.40000,
,,,0.000008036000,  -0.40000,
,,,0.000008036200,   0.00000,
,,,0.000008036400,  -0.40000,
,,,0.000008036600,  -0.40000,
,,,0.000008036800,  -0.40000,
,,,0.000008037000,  -0.40000,
,,,0.000008037200,   0.00000,
,,,0.000008037400,  -0.40000,
,,,0.000008037600,  -0.40000,
,,,0.000008037800,  -0.40000,
,,,0.000008038000,  -0.80000,
,,,0.000008038200,  -0.40000,
,,,0.000008038400,  -0.40000,
,,,0.000008038600,  -0.40000,
,,,0.000008038800,  -0.40000,
,,,0.000008039000,  -0.40000,
,,,0.000008039200,  -0.40000,
,,,0.000008039400,  -0.40000,
,,,0.000008039600,  -0.40000,
,,,0.000008039800,   0.00000,
,,,0.000008040000,   0.00000,
,,,0.000008040200,   0.00000,
,,,0.000008040400,  -0.40000,
,,,0.000008040600,  -0.40000,
,,,0.000008040800,  -0.40000,
,,,0.000008041000,  -0.80000,
,,,0.000008041200,  -0.40000,
,,,0.000008041400,  -0.40000,
,,,0.000008041600,  -0.40000,
,,,0.000008041800,  -0.40000,
,,,0.000008042000,  -0.40000,
,,,0.000008042200,  -0.40000,
,,,0.000008042400,  -0.40000,
,,,0.000008042600,  -0.40000,
,,,0.000008042800,   0.00000,
,,,0.000008043000,   0.00000,
,,,0.000008043200,   0.00000,
,,,0.000008043400,   0.00000,
,,,0.000008043600,   0.00000,
,,,0.000008043800,   0.00000,
,,,0.000008044000,   0.00000,
,,,0.000008044200,   0.00000,
,,,0.000008044400,   0.00000,
,,,0.000008044600,   0.00000,
,,,0.000008044800,   0.40000,
,,,0.000008045000,   0.40000,
,,,0.000008045200,   0.40000,
,,,0.000008045400,   0.00000,
,,,0.000008045600,   0.00000,
,,,0.000008045800,  -0.40000,
,,,0.000008046000,  -0.40000,
,,,0.000008046200,  -0.40000,
,,,0.000008046400,  -0.40000,
,,,0.000008046600,  -0.40000,
,,,0.000008046800,  -0.40000,
,,,0.000008047000,  -0.40000,
,,,0.000008047200,  -0.40000,
,,,0.000008047400,  -0.80000,
,,,0.000008047600,  -0.40000,
,,,0.000008047800,  -0.40000,
,,,0.000008048000,  -0.40000,
,,,0.000008048200,   0.00000,
,,,0.000008048400,   0.00000,
,,,0.000008048600,   0.40000,
,,,0.000008048800,   0.00000,
,,,0.000008049000,   0.00000,
,,,0.000008049200,   0.00000,
,,,0.000008049400,   0.00000,
,,,0.000008049600,   0.00000,
,,,0.000008049800,   0.00000,
,,,0.000008050000,   0.00000,
,,,0.000008050200,   0.00000,
,,,0.000008050400,   0.00000,
,,,0.000008050600,   0.00000,
,,,0.000008050800,  -0.40000,
,,,0.000008051000,  -0.40000,
,,,0.000008051200,  -0.40000,
,,,0.000008051400,  -0.80000,
,,,0.000008051600,  -0.40000,
,,,0.000008051800,  -0.40000,
,,,0.000008052000,  -0.40000,
,,,0.000008052200,   0.00000,
,,,0.000008052400,  -0.40000,
,,,0.000008052600,  -0.40000,
,,,0.000008052800,  -0.40000,
,,,0.000008053000,  -0.40000,
,,,0.000008053200,   0.00000,
,,,0.000008053400,  -0.40000,
,,,0.000008053600,  -0.40000,
,,,0.000008053800,  -0.40000,
,,,0.000008054000,  -0.40000,
,,,0.000008054200,   0.00000,
,,,0.000008054400,   0.00000,
,,,0.000008054600,   0.40000,
,,,0.000008054800,   0.00000,
,,,0.000008055000,   0.00000,
,,,0.000008055200,   0.00000,
,,,0.000008055400,   0.00000,
,,,0.000008055600,   0.00000,
,,,0.000008055800,   0.00000,
,,,0.000008056000,   0.00000,
,,,0.000008056200,   0.00000,
,,,0.000008056400,   0.00000,
,,,0.000008056600,   0.00000,
,,,0.000008056800,   0.00000,
,,,0.000008057000,   0.00000,
,,,0.000008057200,   0.00000,
,,,0.000008057400,   0.00000,
,,,0.000008057600,   0.00000,
,,,0.000008057800,   0.00000,
,,,0.000008058000,   0.00000,
,,,0.000008058200,   0.00000,
,,,0.000008058400,   0.00000,
,,,0.000008058600,   0.00000,
,,,0.000008058800,   0.00000,
,,,0.000008059000,   0.00000,
,,,0.000008059200,   0.40000,
,,,0.000008059400,   0.00000,
,,,0.000008059600,   0.00000,
,,,0.000008059800,   0.00000,
,,,0.000008060000,  -0.40000,
,,,0.000008060200,   0.00000,
,,,0.000008060400,   0.00000,
,,,0.000008060600,   0.00000,
,,,0.000008060800,   0.00000,
,,,0.000008061000,   0.00000,
,,,0.000008061200,   0.00000,
,,,0.000008061400,   0.00000,
,,,0.000008061600,   0.00000,
,,,0.000008061800,  -0.40000,
,,,0.000008062000,  -0.40000,
,,,0.000008062200,  -0.40000,
,,,0.000008062400,  -0.40000,
,,,0.000008062600,  -0.40000,
,,,0.000008062800,  -0.40000,
,,,0.000008063000,  -0.40000,
,,,0.000008063200,  -0.40000,
,,,0.000008063400,  -0.40000,
,,,0.000008063600,  -0.40000,
,,,0.000008063800,   0.00000,
,,,0.000008064000,   0.00000,
,,,0.000008064200,   0.00000,
,,,0.000008064400,   0.00000,
,,,0.000008064600,   0.00000,
,,,0.000008064800,   0.40000,
,,,0.000008065000,   0.40000,
,,,0.000008065200,   0.40000,
,,,0.000008065400,   0.00000,
,,,0.000008065600,   0.00000,
,,,0.000008065800,   0.00000,
,,,0.000008066000,   0.00000,
,,,0.000008066200,   0.40000,
,,,0.000008066400,   0.40000,
,,,0.000008066600,   0.40000,
,,,0.000008066800,   0.00000,
,,,0.000008067000,   0.00000,
,,,0.000008067200,   0.00000,
,,,0.000008067400,  -0.40000,
,,,0.000008067600,  -0.40000,
,,,0.000008067800,  -0.40000,
,,,0.000008068000,  -0.80000,
,,,0.000008068200,  -0.40000,
,,,0.000008068400,  -0.40000,
,,,0.000008068600,  -0.40000,
,,,0.000008068800,  -0.40000,
,,,0.000008069000,  -0.40000,
,,,0.000008069200,  -0.40000,
,,,0.000008069400,  -0.40000,
,,,0.000008069600,  -0.40000,
,,,0.000008069800,   0.00000,
,,,0.000008070000,   0.00000,
,,,0.000008070200,   0.00000,
,,,0.000008070400,  -0.40000,
,,,0.000008070600,  -0.40000,
,,,0.000008070800,  -0.40000,
,,,0.000008071000,  -0.40000,
,,,0.000008071200,   0.00000,
,,,0.000008071400,   0.00000,
,,,0.000008071600,   0.00000,
,,,0.000008071800,   0.00000,
,,,0.000008072000,   0.00000,
,,,0.000008072200,   0.00000,
,,,0.000008072400,   0.00000,
,,,0.000008072600,   0.00000,
,,,0.000008072800,   0.00000,
,,,0.000008073000,   0.00000,
,,,0.000008073200,   0.00000,
,,,0.000008073400,   0.00000,
,,,0.000008073600,   0.00000,
,,,0.000008073800,   0.40000,
,,,0.000008074000,   0.00000,
,,,0.000008074200,   0.00000,
,,,0.000008074400,  -0.40000,
,,,0.000008074600,  -0.40000,
,,,0.000008074800,  -0.40000,
,,,0.000008075000,  -0.40000,
,,,0.000008075200,   0.00000,
,,,0.000008075400,  -0.40000,
,,,0.000008075600,  -0.40000,
,,,0.000008075800,  -0.40000,
,,,0.000008076000,  -0.40000,
,,,0.000008076200,  -0.40000,
,,,0.000008076400,  -0.40000,
,,,0.000008076600,  -0.40000,
,,,0.000008076800,  -0.40000,
,,,0.000008077000,  -0.40000,
,,,0.000008077200,  -0.40000,
,,,0.000008077400,  -0.40000,
,,,0.000008077600,  -0.40000,
,,,0.000008077800,   0.00000,
,,,0.000008078000,   0.00000,
,,,0.000008078200,   0.00000,
,,,0.000008078400,   0.00000,
,,,0.000008078600,   0.00000,
,,,0.000008078800,   0.00000,
,,,0.000008079000,   0.00000,
,,,0.000008079200,   0.00000,
,,,0.000008079400,   0.00000,
,,,0.000008079600,   0.00000,
,,,0.000008079800,  -0.40000,
,,,0.000008080000,  -0.40000,
,,,0.000008080200,  -0.40000,
,,,0.000008080400,  -0.40000,
,,,0.000008080600,  -0.40000,
,,,0.000008080800,   0.00000,
,,,0.000008081000,   0.00000,
,,,0.000008081200,   0.00000,
,,,0.000008081400,   0.00000,
,,,0.000008081600,   0.00000,
,,,0.000008081800,  -0.40000,
,,,0.000008082000,  -0.40000,
,,,0.000008082200,  -0.40000,
,,,0.000008082400,  -0.40000,
,,,0.000008082600,  -0.40000,
,,,0.000008082800,   0.00000,
,,,0.000008083000,   0.00000,
,,,0.000008083200,   0.40000,
,,,0.000008083400,   0.00000,
,,,0.000008083600,   0.00000,
,,,0.000008083800,  -0.40000,
,,,0.000008084000,  -0.40000,
,,,0.000008084200,  -0.40000,
,,,0.000008084400,  -0.80000,
,,,0.000008084600,  -0.40000,
,,,0.000008084800,  -0.40000,
,,,0.000008085000,  -0.40000,
,,,0.000008085200,   0.00000,
,,,0.000008085400,  -0.40000,
,,,0.000008085600,  -0.40000,
,,,0.000008085800,  -0.40000,
,,,0.000008086000,  -0.80000,
,,,0.000008086200,  -0.40000,
,,,0.000008086400,  -0.40000,
,,,0.000008086600,  -0.40000,
,,,0.000008086800,   0.00000,
,,,0.000008087000,   0.00000,
,,,0.000008087200,   0.00000,
,,,0.000008087400,   0.00000,
,,,0.000008087600,   0.00000,
,,,0.000008087800,   0.00000,
,,,0.000008088000,   0.00000,
,,,0.000008088200,   0.00000,
,,,0.000008088400,   0.00000,
,,,0.000008088600,   0.00000,
,,,0.000008088800,   0.40000,
,,,0.000008089000,   0.40000,
,,,0.000008089200,   0.40000,
,,,0.000008089400,   0.00000,
,,,0.000008089600,  -0.40000,
,,,0.000008089800,  -0.40000,
,,,0.000008090000,  -0.40000,
,,,0.000008090200,   0.00000,
,,,0.000008090400,   0.00000,
,,,0.000008090600,   0.40000,
,,,0.000008090800,   0.00000,
,,,0.000008091000,  -0.40000,
,,,0.000008091200,  -0.40000,
,,,0.000008091400,  -0.40000,
,,,0.000008091600,  -0.40000,
,,,0.000008091800,   0.00000,
,,,0.000008092000,   0.00000,
,,,0.000008092200,   0.00000,
,,,0.000008092400,  -0.40000,
,,,0.000008092600,  -0.40000,
,,,0.000008092800,  -0.40000,
,,,0.000008093000,  -0.40000,
,,,0.000008093200,   0.00000,
,,,0.000008093400,   0.00000,
,,,0.000008093600,   0.00000,
,,,0.000008093800,   0.00000,
,,,0.000008094000,   0.00000,
,,,0.000008094200,   0.00000,
,,,0.000008094400,  -0.40000,
,,,0.000008094600,  -0.40000,
,,,0.000008094800,  -0.40000,
,,,0.000008095000,  -0.40000,
,,,0.000008095200,   0.00000,
,,,0.000008095400,   0.00000,
,,,0.000008095600,   0.00000,
,,,0.000008095800,   0.00000,
,,,0.000008096000,   0.00000,
,,,0.000008096200,   0.00000,
,,,0.000008096400,  -0.40000,
,,,0.000008096600,  -0.40000,
,,,0.000008096800,  -0.40000,
,,,0.000008097000,  -0.40000,
,,,0.000008097200,  -0.40000,
,,,0.000008097400,  -0.40000,
,,,0.000008097600,  -0.40000,
,,,0.000008097800,  -0.40000,
,,,0.000008098000,  -0.40000,
,,,0.000008098200,  -0.40000,
,,,0.000008098400,  -0.40000,
,,,0.000008098600,  -0.40000,
,,,0.000008098800,   0.00000,
,,,0.000008099000,   0.00000,
,,,0.000008099200,   0.40000,
,,,0.000008099400,   0.00000,
,,,0.000008099600,   0.00000,
,,,0.000008099800,   0.00000,
,,,0.000008100000,   0.00000,
,,,0.000008100200,   0.00000,
,,,0.000008100400,   0.00000,
,,,0.000008100600,   0.00000,
,,,0.000008100800,   0.00000,
,,,0.000008101000,   0.00000,
,,,0.000008101200,   0.00000,
,,,0.000008101400,   0.00000,
,,,0.000008101600,   0.00000,
,,,0.000008101800,   0.00000,
,,,0.000008102000,   0.00000,
,,,0.000008102200,   0.00000,
,,,0.000008102400,   0.00000,
,,,0.000008102600,   0.00000,
,,,0.000008102800,   0.00000,
,,,0.000008103000,   0.00000,
,,,0.000008103200,   0.00000,
,,,0.000008103400,   0.00000,
,,,0.000008103600,   0.00000,
,,,0.000008103800,   0.00000,
,,,0.000008104000,   0.00000,
,,,0.000008104200,   0.00000,
,,,0.000008104400,   0.00000,
,,,0.000008104600,   0.00000,
,,,0.000008104800,   0.00000,
,,,0.000008105000,   0.00000,
,,,0.000008105200,   0.00000,
,,,0.000008105400,   0.00000,
,,,0.000008105600,   0.00000,
,,,0.000008105800,  -0.40000,
,,,0.000008106000,  -0.40000,
,,,0.000008106200,  -0.40000,
,,,0.000008106400,  -0.80000,
,,,0.000008106600,  -0.40000,
,,,0.000008106800,  -0.40000,
,,,0.000008107000,  -0.40000,
,,,0.000008107200,   0.00000,
,,,0.000008107400,   0.00000,
,,,0.000008107600,   0.00000,
,,,0.000008107800,   0.00000,
,,,0.000008108000,   0.00000,
,,,0.000008108200,   0.00000,
,,,0.000008108400,   0.00000,
,,,0.000008108600,   0.00000,
,,,0.000008108800,  -0.40000,
,,,0.000008109000,  -0.40000,
,,,0.000008109200,  -0.40000,
,,,0.000008109400,  -0.80000,
,,,0.000008109600,  -0.40000,
,,,0.000008109800,  -0.40000,
,,,0.000008110000,  -0.40000,
,,,0.000008110200,   0.00000,
,,,0.000008110400,  -0.40000,
,,,0.000008110600,  -0.40000,
,,,0.000008110800,  -0.40000,
,,,0.000008111000,  -0.40000,
,,,0.000008111200,   0.00000,
,,,0.000008111400,  -0.40000,
,,,0.000008111600,  -0.40000,
,,,0.000008111800,  -0.40000,
,,,0.000008112000,  -0.80000,
,,,0.000008112200,  -0.40000,
,,,0.000008112400,  -0.40000,
,,,0.000008112600,  -0.40000,
,,,0.000008112800,   0.00000,
,,,0.000008113000,   0.00000,
,,,0.000008113200,   0.40000,
,,,0.000008113400,   0.40000,
,,,0.000008113600,   0.40000,
,,,0.000008113800,   0.00000,
,,,0.000008114000,   0.00000,
,,,0.000008114200,   0.00000,
,,,0.000008114400,   0.00000,
,,,0.000008114600,   0.00000,
,,,0.000008114800,  -0.40000,
,,,0.000008115000,  -0.40000,
,,,0.000008115200,  -0.40000,
,,,0.000008115400,  -0.40000,
,,,0.000008115600,  -0.40000,
,,,0.000008115800,   0.00000,
,,,0.000008116000,   0.00000,
,,,0.000008116200,   0.00000,
,,,0.000008116400,  -0.40000,
,,,0.000008116600,  -0.40000,
,,,0.000008116800,  -0.40000,
,,,0.000008117000,  -0.40000,
,,,0.000008117200,  -0.40000,
,,,0.000008117400,  -0.40000,
,,,0.000008117600,  -0.40000,
,,,0.000008117800,  -0.40000,
,,,0.000008118000,  -0.40000,
,,,0.000008118200,   0.00000,
,,,0.000008118400,  -0.40000,
,,,0.000008118600,  -0.40000,
,,,0.000008118800,  -0.40000,
,,,0.000008119000,  -0.40000,
,,,0.000008119200,   0.00000,
,,,0.000008119400,   0.00000,
,,,0.000008119600,   0.00000,
,,,0.000008119800,  -0.40000,
,,,0.000008120000,  -0.40000,
,,,0.000008120200,  -0.40000,
,,,0.000008120400,  -0.80000,
,,,0.000008120600,  -0.40000,
,,,0.000008120800,  -0.40000,
,,,0.000008121000,  -0.40000,
,,,0.000008121200,   0.00000,
,,,0.000008121400,   0.00000,
,,,0.000008121600,   0.00000,
,,,0.000008121800,   0.00000,
,,,0.000008122000,   0.00000,
,,,0.000008122200,   0.00000,
,,,0.000008122400,  -0.40000,
,,,0.000008122600,  -0.40000,
,,,0.000008122800,  -0.40000,
,,,0.000008123000,  -0.40000,
,,,0.000008123200,   0.00000,
,,,0.000008123400,   0.00000,
,,,0.000008123600,   0.00000,
,,,0.000008123800,   0.00000,
,,,0.000008124000,   0.00000,
,,,0.000008124200,   0.00000,
,,,0.000008124400,   0.00000,
,,,0.000008124600,   0.00000,
,,,0.000008124800,  -0.40000,
,,,0.000008125000,  -0.40000,
,,,0.000008125200,  -0.40000,
,,,0.000008125400,  -0.80000,
,,,0.000008125600,  -0.40000,
,,,0.000008125800,  -0.40000,
,,,0.000008126000,  -0.40000,
,,,0.000008126200,   0.00000,
,,,0.000008126400,   0.00000,
,,,0.000008126600,   0.00000,
,,,0.000008126800,  -0.40000,
,,,0.000008127000,  -0.40000,
,,,0.000008127200,  -0.40000,
,,,0.000008127400,  -0.40000,
,,,0.000008127600,  -0.40000,
,,,0.000008127800,  -0.40000,
,,,0.000008128000,  -0.40000,
,,,0.000008128200,  -0.40000,
,,,0.000008128400,  -0.40000,
,,,0.000008128600,  -0.40000,
,,,0.000008128800,  -0.40000,
,,,0.000008129000,  -0.40000,
,,,0.000008129200,  -0.40000,
,,,0.000008129400,  -0.80000,
,,,0.000008129600,  -0.40000,
,,,0.000008129800,  -0.40000,
,,,0.000008130000,  -0.40000,
,,,0.000008130200,   0.00000,
,,,0.000008130400,   0.00000,
,,,0.000008130600,   0.00000,
,,,0.000008130800,   0.00000,
,,,0.000008131000,   0.00000,
,,,0.000008131200,   0.00000,
,,,0.000008131400,   0.00000,
,,,0.000008131600,   0.00000,
,,,0.000008131800,   0.00000,
,,,0.000008132000,   0.00000,
,,,0.000008132200,   0.00000,
,,,0.000008132400,   0.00000,
,,,0.000008132600,   0.00000,
,,,0.000008132800,   0.00000,
,,,0.000008133000,   0.00000,
,,,0.000008133200,   0.00000,
,,,0.000008133400,  -0.40000,
,,,0.000008133600,  -0.40000,
,,,0.000008133800,  -0.40000,
,,,0.000008134000,  -0.40000,
,,,0.000008134200,  -0.40000,
,,,0.000008134400,  -0.40000,
,,,0.000008134600,  -0.40000,
,,,0.000008134800,  -0.40000,
,,,0.000008135000,  -0.40000,
,,,0.000008135200,  -0.40000,
,,,0.000008135400,  -0.40000,
,,,0.000008135600,  -0.40000,
,,,0.000008135800,  -0.40000,
,,,0.000008136000,  -0.40000,
,,,0.000008136200,   0.00000,
,,,0.000008136400,   0.00000,
,,,0.000008136600,   0.00000,
,,,0.000008136800,   0.00000,
,,,0.000008137000,   0.00000,
,,,0.000008137200,   0.00000,
,,,0.000008137400,   0.00000,
,,,0.000008137600,   0.00000,
,,,0.000008137800,  -0.40000,
,,,0.000008138000,  -0.40000,
,,,0.000008138200,  -0.40000,
,,,0.000008138400,  -0.40000,
,,,0.000008138600,  -0.40000,
,,,0.000008138800,  -0.40000,
,,,0.000008139000,  -0.40000,
,,,0.000008139200,  -0.40000,
,,,0.000008139400,  -0.40000,
,,,0.000008139600,  -0.40000,
,,,0.000008139800,   0.00000,
,,,0.000008140000,   0.00000,
,,,0.000008140200,   0.00000,
,,,0.000008140400,  -0.40000,
,,,0.000008140600,  -0.40000,
,,,0.000008140800,  -0.40000,
,,,0.000008141000,  -0.80000,
,,,0.000008141200,  -0.40000,
,,,0.000008141400,  -0.40000,
,,,0.000008141600,  -0.40000,
,,,0.000008141800,   0.00000,
,,,0.000008142000,   0.00000,
,,,0.000008142200,   0.40000,
,,,0.000008142400,   0.00000,
,,,0.000008142600,   0.00000,
,,,0.000008142800,  -0.40000,
,,,0.000008143000,  -0.40000,
,,,0.000008143200,  -0.40000,
,,,0.000008143400,  -0.40000,
,,,0.000008143600,  -0.40000,
,,,0.000008143800,   0.00000,
,,,0.000008144000,   0.00000,
,,,0.000008144200,   0.00000,
,,,0.000008144400,  -0.40000,
,,,0.000008144600,  -0.40000,
,,,0.000008144800,  -0.80000,
,,,0.000008145000,  -0.80000,
,,,0.000008145200,  -0.80000,
,,,0.000008145400,  -0.80000,
,,,0.000008145600,  -0.80000,
,,,0.000008145800,  -0.40000,
,,,0.000008146000,   0.00000,
,,,0.000008146200,   0.40000,
,,,0.000008146400,   0.00000,
,,,0.000008146600,   0.00000,
,,,0.000008146800,  -0.40000,
,,,0.000008147000,  -0.40000,
,,,0.000008147200,  -0.40000,
,,,0.000008147400,  -0.40000,
,,,0.000008147600,  -0.40000,
,,,0.000008147800,   0.00000,
,,,0.000008148000,   0.00000,
,,,0.000008148200,   0.00000,
,,,0.000008148400,   0.00000,
,,,0.000008148600,   0.00000,
,,,0.000008148800,   0.40000,
,,,0.000008149000,   0.40000,
,,,0.000008149200,   0.40000,
,,,0.000008149400,   0.00000,
,,,0.000008149600,   0.00000,
,,,0.000008149800,  -0.40000,
,,,0.000008150000,  -0.40000,
,,,0.000008150200,  -0.40000,
,,,0.000008150400,  -0.40000,
,,,0.000008150600,  -0.40000,
,,,0.000008150800,  -0.40000,
,,,0.000008151000,  -0.40000,
,,,0.000008151200,  -0.40000,
,,,0.000008151400,  -0.40000,
,,,0.000008151600,  -0.40000,
,,,0.000008151800,  -0.40000,
,,,0.000008152000,  -0.40000,
,,,0.000008152200,  -0.40000,
,,,0.000008152400,  -0.80000,
,,,0.000008152600,  -0.80000,
,,,0.000008152800,  -0.40000,
,,,0.000008153000,   0.00000,
,,,0.000008153200,   0.40000,
,,,0.000008153400,   0.40000,
,,,0.000008153600,   0.40000,
,,,0.000008153800,   0.00000,
,,,0.000008154000,   0.00000,
,,,0.000008154200,   0.00000,
,,,0.000008154400,   0.00000,
,,,0.000008154600,   0.40000,
,,,0.000008154800,   0.00000,
,,,0.000008155000,  -0.40000,
,,,0.000008155200,  -0.40000,
,,,0.000008155400,  -0.80000,
,,,0.000008155600,  -0.80000,
,,,0.000008155800,  -0.40000,
,,,0.000008156000,   0.00000,
,,,0.000008156200,   0.40000,
,,,0.000008156400,   0.00000,
,,,0.000008156600,   0.00000,
,,,0.000008156800,   0.00000,
,,,0.000008157000,  -0.40000,
,,,0.000008157200,   0.00000,
,,,0.000008157400,   0.00000,
,,,0.000008157600,   0.00000,
,,,0.000008157800,   0.00000,
,,,0.000008158000,   0.00000,
,,,0.000008158200,   0.00000,
,,,0.000008158400,   0.00000,
,,,0.000008158600,   0.00000,
,,,0.000008158800,   0.40000,
,,,0.000008159000,   0.40000,
,,,0.000008159200,   0.40000,
,,,0.000008159400,   0.00000,
,,,0.000008159600,   0.00000,
,,,0.000008159800,  -0.40000,
,,,0.000008160000,  -0.40000,
,,,0.000008160200,  -0.40000,
,,,0.000008160400,  -0.40000,
,,,0.000008160600,  -0.40000,
,,,0.000008160800,  -0.40000,
,,,0.000008161000,  -0.40000,
,,,0.000008161200,  -0.40000,
,,,0.000008161400,  -0.40000,
,,,0.000008161600,  -0.40000,
,,,0.000008161800,  -0.40000,
,,,0.000008162000,  -0.40000,
,,,0.000008162200,  -0.40000,
,,,0.000008162400,  -0.40000,
,,,0.000008162600,  -0.40000,
,,,0.000008162800,  -0.40000,
,,,0.000008163000,  -0.40000,
,,,0.000008163200,   0.00000,
,,,0.000008163400,   0.00000,
,,,0.000008163600,   0.40000,
,,,0.000008163800,   0.40000,
,,,0.000008164000,   0.00000,
,,,0.000008164200,   0.00000,
,,,0.000008164400,  -0.40000,
,,,0.000008164600,  -0.40000,
,,,0.000008164800,  -0.40000,
,,,0.000008165000,  -0.40000,
,,,0.000008165200,   0.00000,
,,,0.000008165400,   0.00000,
,,,0.000008165600,   0.00000,
,,,0.000008165800,  -0.40000,
,,,0.000008166000,  -0.40000,
,,,0.000008166200,  -0.40000,
,,,0.000008166400,  -0.80000,
,,,0.000008166600,  -0.40000,
,,,0.000008166800,  -0.40000,
,,,0.000008167000,  -0.40000,
,,,0.000008167200,   0.00000,
,,,0.000008167400,   0.00000,
,,,0.000008167600,   0.00000,
,,,0.000008167800,   0.00000,
,,,0.000008168000,   0.00000,
,,,0.000008168200,   0.00000,
,,,0.000008168400,   0.00000,
,,,0.000008168600,   0.00000,
,,,0.000008168800,  -0.40000,
,,,0.000008169000,  -0.40000,
,,,0.000008169200,  -0.40000,
,,,0.000008169400,  -0.80000,
,,,0.000008169600,  -0.80000,
,,,0.000008169800,  -0.80000,
,,,0.000008170000,  -0.80000,
,,,0.000008170200,  -0.40000,
,,,0.000008170400,  -0.80000,
,,,0.000008170600,  -0.80000,
,,,0.000008170800,  -0.80000,
,,,0.000008171000,  -0.80000,
,,,0.000008171200,  -0.40000,
,,,0.000008171400,  -0.40000,
,,,0.000008171600,  -0.40000,
,,,0.000008171800,  -0.40000,
,,,0.000008172000,  -0.40000,
,,,0.000008172200,   0.00000,
,,,0.000008172400,   0.00000,
,,,0.000008172600,   0.00000,
,,,0.000008172800,   0.00000,
,,,0.000008173000,   0.00000,
,,,0.000008173200,   0.00000,
,,,0.000008173400,  -0.40000,
,,,0.000008173600,  -0.40000,
,,,0.000008173800,  -0.40000,
,,,0.000008174000,  -0.40000,
,,,0.000008174200,   0.00000,
,,,0.000008174400,  -0.40000,
,,,0.000008174600,  -0.40000,
,,,0.000008174800,  -0.40000,
,,,0.000008175000,  -0.40000,
,,,0.000008175200,  -0.40000,
,,,0.000008175400,  -0.40000,
,,,0.000008175600,  -0.40000,
,,,0.000008175800,  -0.40000,
,,,0.000008176000,  -0.40000,
,,,0.000008176200,   0.00000,
,,,0.000008176400,  -0.40000,
,,,0.000008176600,  -0.40000,
,,,0.000008176800,  -0.40000,
,,,0.000008177000,  -0.40000,
,,,0.000008177200,   0.00000,
,,,0.000008177400,   0.00000,
,,,0.000008177600,   0.00000,
,,,0.000008177800,  -0.40000,
,,,0.000008178000,  -0.40000,
,,,0.000008178200,  -0.40000,
,,,0.000008178400,  -0.40000,
,,,0.000008178600,  -0.40000,
,,,0.000008178800,  -0.40000,
,,,0.000008179000,  -0.40000,
,,,0.000008179200,  -0.40000,
,,,0.000008179400,  -0.40000,
,,,0.000008179600,  -0.40000,
,,,0.000008179800,  -0.40000,
,,,0.000008180000,  -0.40000,
,,,0.000008180200,  -0.40000,
,,,0.000008180400,  -0.40000,
,,,0.000008180600,  -0.40000,
,,,0.000008180800,  -0.40000,
,,,0.000008181000,  -0.40000,
,,,0.000008181200,  -0.40000,
,,,0.000008181400,  -0.40000,
,,,0.000008181600,  -0.40000,
,,,0.000008181800,   0.00000,
,,,0.000008182000,   0.00000,
,,,0.000008182200,   0.00000,
,,,0.000008182400,   0.00000,
,,,0.000008182600,   0.00000,
,,,0.000008182800,   0.00000,
,,,0.000008183000,   0.00000,
,,,0.000008183200,   0.00000,
,,,0.000008183400,   0.00000,
,,,0.000008183600,   0.00000,
,,,0.000008183800,   0.00000,
,,,0.000008184000,   0.00000,
,,,0.000008184200,   0.00000,
,,,0.000008184400,   0.00000,
,,,0.000008184600,   0.00000,
,,,0.000008184800,  -0.40000,
,,,0.000008185000,  -0.40000,
,,,0.000008185200,  -0.40000,
,,,0.000008185400,  -0.40000,
,,,0.000008185600,  -0.40000,
,,,0.000008185800,  -0.40000,
,,,0.000008186000,  -0.40000,
,,,0.000008186200,  -0.40000,
,,,0.000008186400,  -0.40000,
,,,0.000008186600,  -0.40000,
,,,0.000008186800,  -0.40000,
,,,0.000008187000,  -0.40000,
,,,0.000008187200,  -0.40000,
,,,0.000008187400,  -0.80000,
,,,0.000008187600,  -0.40000,
,,,0.000008187800,  -0.40000,
,,,0.000008188000,  -0.40000,
,,,0.000008188200,   0.00000,
,,,0.000008188400,   0.00000,
,,,0.000008188600,   0.00000,
,,,0.000008188800,   0.00000,
,,,0.000008189000,   0.00000,
,,,0.000008189200,   0.40000,
,,,0.000008189400,   0.00000,
,,,0.000008189600,   0.00000,
,,,0.000008189800,  -0.40000,
,,,0.000008190000,  -0.40000,
,,,0.000008190200,  -0.40000,
,,,0.000008190400,  -0.40000,
,,,0.000008190600,  -0.40000,
,,,0.000008190800,   0.00000,
,,,0.000008191000,   0.00000,
,,,0.000008191200,   0.40000,
,,,0.000008191400,   0.00000,
,,,0.000008191600,  -0.40000,
,,,0.000008191800,  -0.80000,
,,,0.000008192000,  -0.80000,
,,,0.000008192200,  -0.40000,
,,,0.000008192400,  -0.40000,
,,,0.000008192600,  -0.40000,
,,,0.000008192800,   0.00000,
,,,0.000008193000,   0.00000,
,,,0.000008193200,   0.00000,
,,,0.000008193400,  -0.40000,
,,,0.000008193600,  -0.40000,
,,,0.000008193800,  -0.40000,
,,,0.000008194000,  -0.40000,
,,,0.000008194200,   0.00000,
,,,0.000008194400,  -0.40000,
,,,0.000008194600,  -0.40000,
,,,0.000008194800,  -0.40000,
,,,0.000008195000,  -0.40000,
,,,0.000008195200,   0.00000,
,,,0.000008195400,   0.00000,
,,,0.000008195600,   0.00000,
,,,0.000008195800,  -0.40000,
,,,0.000008196000,  -0.40000,
,,,0.000008196200,  -0.40000,
,,,0.000008196400,  -0.40000,
,,,0.000008196600,  -0.40000,
,,,0.000008196800,   0.00000,
,,,0.000008197000,   0.00000,
,,,0.000008197200,   0.00000,
,,,0.000008197400,  -0.40000,
,,,0.000008197600,  -0.40000,
,,,0.000008197800,  -0.80000,
,,,0.000008198000,  -0.80000,
,,,0.000008198200,  -0.80000,
,,,0.000008198400,  -0.80000,
,,,0.000008198600,  -0.40000,
,,,0.000008198800,   0.00000,
,,,0.000008199000,   0.00000,
,,,0.000008199200,   0.00000,
,,,0.000008199400,   0.00000,
,,,0.000008199600,   0.00000,
,,,0.000008199800,  -0.40000,
,,,0.000008200000,  -0.40000,
,,,0.000008200200,  -0.40000,
,,,0.000008200400,  -0.80000,
,,,0.000008200600,  -0.80000,
,,,0.000008200800,  -0.80000,
,,,0.000008201000,  -0.80000,
,,,0.000008201200,  -0.40000,
,,,0.000008201400,  -0.40000,
,,,0.000008201600,  -0.40000,
,,,0.000008201800,   0.00000,
,,,0.000008202000,   0.00000,
,,,0.000008202200,   0.00000,
,,,0.000008202400,   0.00000,
,,,0.000008202600,   0.00000,
,,,0.000008202800,  -0.40000,
,,,0.000008203000,  -0.40000,
,,,0.000008203200,  -0.40000,
,,,0.000008203400,  -0.80000,
,,,0.000008203600,  -0.40000,
,,,0.000008203800,  -0.40000,
,,,0.000008204000,  -0.40000,
,,,0.000008204200,   0.00000,
,,,0.000008204400,  -0.40000,
,,,0.000008204600,  -0.40000,
,,,0.000008204800,  -0.40000,
,,,0.000008205000,  -0.40000,
,,,0.000008205200,   0.00000,
,,,0.000008205400,   0.00000,
,,,0.000008205600,   0.00000,
,,,0.000008205800,  -0.40000,
,,,0.000008206000,  -0.40000,
,,,0.000008206200,  -0.40000,
,,,0.000008206400,  -0.40000,
,,,0.000008206600,  -0.40000,
,,,0.000008206800,  -0.40000,
,,,0.000008207000,  -0.40000,
,,,0.000008207200,  -0.40000,
,,,0.000008207400,  -0.40000,
,,,0.000008207600,  -0.40000,
,,,0.000008207800,  -0.40000,
,,,0.000008208000,  -0.40000,
,,,0.000008208200,   0.00000,
,,,0.000008208400,   0.00000,
,,,0.000008208600,   0.00000,
,,,0.000008208800,   0.40000,
,,,0.000008209000,   0.40000,
,,,0.000008209200,   0.40000,
,,,0.000008209400,   0.00000,
,,,0.000008209600,   0.00000,
,,,0.000008209800,  -0.40000,
,,,0.000008210000,  -0.40000,
,,,0.000008210200,  -0.40000,
,,,0.000008210400,  -0.80000,
,,,0.000008210600,  -0.40000,
,,,0.000008210800,  -0.40000,
,,,0.000008211000,  -0.40000,
,,,0.000008211200,   0.00000,
,,,0.000008211400,   0.00000,
,,,0.000008211600,   0.00000,
,,,0.000008211800,   0.00000,
,,,0.000008212000,   0.00000,
,,,0.000008212200,   0.00000,
,,,0.000008212400,   0.00000,
,,,0.000008212600,   0.00000,
,,,0.000008212800,   0.00000,
,,,0.000008213000,   0.00000,
,,,0.000008213200,   0.40000,
,,,0.000008213400,   0.40000,
,,,0.000008213600,   0.40000,
,,,0.000008213800,   0.00000,
,,,0.000008214000,  -0.40000,
,,,0.000008214200,  -0.40000,
,,,0.000008214400,  -0.40000,
,,,0.000008214600,  -0.40000,
,,,0.000008214800,   0.00000,
,,,0.000008215000,   0.00000,
,,,0.000008215200,   0.00000,
,,,0.000008215400,  -0.40000,
,,,0.000008215600,  -0.40000,
,,,0.000008215800,  -0.40000,
,,,0.000008216000,  -0.80000,
,,,0.000008216200,  -0.40000,
,,,0.000008216400,  -0.40000,
,,,0.000008216600,  -0.40000,
,,,0.000008216800,   0.00000,
,,,0.000008217000,   0.00000,
,,,0.000008217200,   0.00000,
,,,0.000008217400,   0.00000,
,,,0.000008217600,   0.00000,
,,,0.000008217800,   0.00000,
,,,0.000008218000,   0.00000,
,,,0.000008218200,   0.40000,
,,,0.000008218400,   0.40000,
,,,0.000008218600,   0.40000,
,,,0.000008218800,   0.80000,
,,,0.000008219000,   0.80000,
,,,0.000008219200,   0.80000,
,,,0.000008219400,   0.80000,
,,,0.000008219600,   0.80000,
,,,0.000008219800,   1.20000,
,,,0.000008220000,   1.20000,
,,,0.000008220200,   1.60000,
,,,0.000008220400,   1.60000,
,,,0.000008220600,   1.60000,
,,,0.000008220800,   1.60000,
,,,0.000008221000,   1.60000,
,,,0.000008221200,   1.60000,
,,,0.000008221400,   1.60000,
,,,0.000008221600,   1.60000,
,,,0.000008221800,   2.00000,
,,,0.000008222000,   2.00000,
,,,0.000008222200,   2.00000,
,,,0.000008222400,   1.60000,
,,,0.000008222600,   1.60000,
,,,0.000008222800,   1.20000,
,,,0.000008223000,   1.20000,
,,,0.000008223200,   1.60000,
,,,0.000008223400,   1.60000,
,,,0.000008223600,   2.00000,
,,,0.000008223800,   2.40000,
,,,0.000008224000,   2.40000,
,,,0.000008224200,   2.40000,
,,,0.000008224400,   2.40000,
,,,0.000008224600,   2.40000,
,,,0.000008224800,   2.40000,
,,,0.000008225000,   2.00000,
,,,0.000008225200,   2.40000,
,,,0.000008225400,   2.40000,
,,,0.000008225600,   2.80000,
,,,0.000008225800,   3.20000,
,,,0.000008226000,   3.20000,
,,,0.000008226200,   3.20000,
,,,0.000008226400,   3.20000,
,,,0.000008226600,   3.20000,
,,,0.000008226800,   3.60000,
,,,0.000008227000,   3.60000,
,,,0.000008227200,   3.60000,
,,,0.000008227400,   3.60000,
,,,0.000008227600,   3.60000,
,,,0.000008227800,   3.60000,
,,,0.000008228000,   3.60000,
,,,0.000008228200,   4.00000,
,,,0.000008228400,   4.00000,
,,,0.000008228600,   4.00000,
,,,0.000008228800,   4.00000,
,,,0.000008229000,   4.00000,
,,,0.000008229200,   4.40000,
,,,0.000008229400,   4.40000,
,,,0.000008229600,   4.40000,
,,,0.000008229800,   4.40000,
,,,0.000008230000,   4.40000,
,,,0.000008230200,   4.80000,
,,,0.000008230400,   4.80000,
,,,0.000008230600,   4.80000,
,,,0.000008230800,   4.80000,
,,,0.000008231000,   4.80000,
,,,0.000008231200,   4.80000,
,,,0.000008231400,   4.80000,
,,,0.000008231600,   4.80000,
,,,0.000008231800,   4.80000,
,,,0.000008232000,   4.80000,
,,,0.000008232200,   4.80000,
,,,0.000008232400,   4.80000,
,,,0.000008232600,   4.80000,
,,,0.000008232800,   4.80000,
,,,0.000008233000,   4.80000,
,,,0.000008233200,   5.20000,
,,,0.000008233400,   5.20000,
,,,0.000008233600,   5.20000,
,,,0.000008233800,   5.60000,
,,,0.000008234000,   5.60000,
,,,0.000008234200,   5.60000,
,,,0.000008234400,   5.60000,
,,,0.000008234600,   5.60000,
,,,0.000008234800,   5.60000,
,,,0.000008235000,   5.60000,
,,,0.000008235200,   5.60000,
,,,0.000008235400,   5.20000,
,,,0.000008235600,   5.20000,
,,,0.000008235800,   5.20000,
,,,0.000008236000,   5.20000,
,,,0.000008236200,   5.20000,
,,,0.000008236400,   5.20000,
,,,0.000008236600,   5.20000,
,,,0.000008236800,   5.20000,
,,,0.000008237000,   5.20000,
,,,0.000008237200,   5.20000,
,,,0.000008237400,   5.20000,
,,,0.000008237600,   5.20000,
,,,0.000008237800,   5.20000,
,,,0.000008238000,   5.20000,
,,,0.000008238200,   5.20000,
,,,0.000008238400,   5.20000,
,,,0.000008238600,   5.20000,
,,,0.000008238800,   5.20000,
,,,0.000008239000,   5.20000,
,,,0.000008239200,   5.20000,
,,,0.000008239400,   5.20000,
,,,0.000008239600,   5.20000,
,,,0.000008239800,   5.20000,
,,,0.000008240000,   5.20000,
,,,0.000008240200,   5.60000,
,,,0.000008240400,   5.60000,
,,,0.000008240600,   5.60000,
,,,0.000008240800,   5.20000,
,,,0.000008241000,   5.20000,
,,,0.000008241200,   5.20000,
,,,0.000008241400,   5.20000,
,,,0.000008241600,   5.20000,
,,,0.000008241800,   4.80000,
,,,0.000008242000,   4.80000,
,,,0.000008242200,   4.80000,
,,,0.000008242400,   4.80000,
,,,0.000008242600,   4.80000,
,,,0.000008242800,   4.80000,
,,,0.000008243000,   4.80000,
,,,0.000008243200,   4.80000,
,,,0.000008243400,   4.40000,
,,,0.000008243600,   4.40000,
,,,0.000008243800,   4.00000,
,,,0.000008244000,   4.00000,
,,,0.000008244200,   4.00000,
,,,0.000008244400,   4.00000,
,,,0.000008244600,   4.00000,
,,,0.000008244800,   4.00000,
,,,0.000008245000,   4.00000,
,,,0.000008245200,   4.00000,
,,,0.000008245400,   4.00000,
,,,0.000008245600,   4.00000,
,,,0.000008245800,   4.00000,
,,,0.000008246000,   4.00000,
,,,0.000008246200,   4.00000,
,,,0.000008246400,   4.00000,
,,,0.000008246600,   4.00000,
,,,0.000008246800,   4.00000,
,,,0.000008247000,   4.00000,
,,,0.000008247200,   4.00000,
,,,0.000008247400,   4.00000,
,,,0.000008247600,   4.00000,
,,,0.000008247800,   4.00000,
,,,0.000008248000,   4.00000,
,,,0.000008248200,   4.40000,
,,,0.000008248400,   4.00000,
,,,0.000008248600,   4.00000,
,,,0.000008248800,   4.00000,
,,,0.000008249000,   3.60000,
,,,0.000008249200,   4.00000,
,,,0.000008249400,   4.00000,
,,,0.000008249600,   4.00000,
,,,0.000008249800,   4.40000,
,,,0.000008250000,   4.40000,
,,,0.000008250200,   4.40000,
,,,0.000008250400,   4.40000,
,,,0.000008250600,   4.40000,
,,,0.000008250800,   4.80000,
,,,0.000008251000,   4.80000,
,,,0.000008251200,   5.20000,
,,,0.000008251400,   4.80000,
,,,0.000008251600,   4.80000,
,,,0.000008251800,   4.80000,
,,,0.000008252000,   4.40000,
,,,0.000008252200,   4.80000,
,,,0.000008252400,   4.80000,
,,,0.000008252600,   4.80000,
,,,0.000008252800,   5.20000,
,,,0.000008253000,   5.20000,
,,,0.000008253200,   5.20000,
,,,0.000008253400,   5.20000,
,,,0.000008253600,   5.20000,
,,,0.000008253800,   5.20000,
,,,0.000008254000,   5.20000,
,,,0.000008254200,   5.60000,
,,,0.000008254400,   5.60000,
,,,0.000008254600,   5.60000,
,,,0.000008254800,   5.60000,
,,,0.000008255000,   5.20000,
,,,0.000008255200,   5.20000,
,,,0.000008255400,   4.80000,
,,,0.000008255600,   4.40000,
,,,0.000008255800,   4.40000,
,,,0.000008256000,   4.40000,
,,,0.000008256200,   4.40000,
,,,0.000008256400,   4.40000,
,,,0.000008256600,   4.40000,
,,,0.000008256800,   4.40000,
,,,0.000008257000,   4.40000,
,,,0.000008257200,   4.40000,
,,,0.000008257400,   4.40000,
,,,0.000008257600,   4.40000,
,,,0.000008257800,   4.40000,
,,,0.000008258000,   4.40000,
,,,0.000008258200,   4.40000,
,,,0.000008258400,   4.00000,
,,,0.000008258600,   4.00000,
,,,0.000008258800,   4.00000,
,,,0.000008259000,   4.00000,
,,,0.000008259200,   4.40000,
,,,0.000008259400,   4.40000,
,,,0.000008259600,   4.40000,
,,,0.000008259800,   4.00000,
,,,0.000008260000,   3.60000,
,,,0.000008260200,   3.60000,
,,,0.000008260400,   3.20000,
,,,0.000008260600,   3.20000,
,,,0.000008260800,   3.60000,
,,,0.000008261000,   3.60000,
,,,0.000008261200,   4.00000,
,,,0.000008261400,   4.00000,
,,,0.000008261600,   4.00000,
,,,0.000008261800,   4.40000,
,,,0.000008262000,   4.40000,
,,,0.000008262200,   4.40000,
,,,0.000008262400,   4.40000,
,,,0.000008262600,   4.40000,
,,,0.000008262800,   4.40000,
,,,0.000008263000,   4.40000,
,,,0.000008263200,   4.80000,
,,,0.000008263400,   4.40000,
,,,0.000008263600,   4.40000,
,,,0.000008263800,   4.40000,
,,,0.000008264000,   4.80000,
,,,0.000008264200,   5.20000,
,,,0.000008264400,   5.20000,
,,,0.000008264600,   5.20000,
,,,0.000008264800,   4.80000,
,,,0.000008265000,   4.80000,
,,,0.000008265200,   4.80000,
,,,0.000008265400,   4.40000,
,,,0.000008265600,   4.80000,
,,,0.000008265800,   4.80000,
,,,0.000008266000,   4.80000,
,,,0.000008266200,   5.20000,
,,,0.000008266400,   5.20000,
,,,0.000008266600,   5.20000,
,,,0.000008266800,   4.80000,
,,,0.000008267000,   4.80000,
,,,0.000008267200,   4.80000,
,,,0.000008267400,   4.80000,
,,,0.000008267600,   4.80000,
,,,0.000008267800,   5.20000,
,,,0.000008268000,   5.20000,
,,,0.000008268200,   5.20000,
,,,0.000008268400,   4.80000,
,,,0.000008268600,   4.80000,
,,,0.000008268800,   4.40000,
,,,0.000008269000,   4.40000,
,,,0.000008269200,   4.40000,
,,,0.000008269400,   4.40000,
,,,0.000008269600,   4.40000,
,,,0.000008269800,   4.40000,
,,,0.000008270000,   4.40000,
,,,0.000008270200,   4.40000,
,,,0.000008270400,   4.40000,
,,,0.000008270600,   4.40000,
,,,0.000008270800,   4.80000,
,,,0.000008271000,   4.80000,
,,,0.000008271200,   4.80000,
,,,0.000008271400,   4.40000,
,,,0.000008271600,   4.00000,
,,,0.000008271800,   4.00000,
,,,0.000008272000,   4.00000,
,,,0.000008272200,   4.40000,
,,,0.000008272400,   4.00000,
,,,0.000008272600,   4.00000,
,,,0.000008272800,   3.60000,
,,,0.000008273000,   3.60000,
,,,0.000008273200,   4.00000,
,,,0.000008273400,   4.00000,
,,,0.000008273600,   4.40000,
,,,0.000008273800,   4.80000,
,,,0.000008274000,   4.80000,
,,,0.000008274200,   5.20000,
,,,0.000008274400,   5.20000,
,,,0.000008274600,   5.20000,
,,,0.000008274800,   5.20000,
,,,0.000008275000,   5.20000,
,,,0.000008275200,   5.60000,
,,,0.000008275400,   5.60000,
,,,0.000008275600,   5.60000,
,,,0.000008275800,   5.60000,
,,,0.000008276000,   5.60000,
,,,0.000008276200,   5.60000,
,,,0.000008276400,   5.60000,
,,,0.000008276600,   5.60000,
,,,0.000008276800,   6.00000,
,,,0.000008277000,   6.00000,
,,,0.000008277200,   6.40000,
,,,0.000008277400,   6.40000,
,,,0.000008277600,   6.40000,
,,,0.000008277800,   6.00000,
,,,0.000008278000,   6.00000,
,,,0.000008278200,   6.00000,
,,,0.000008278400,   5.60000,
,,,0.000008278600,   6.00000,
,,,0.000008278800,   6.00000,
,,,0.000008279000,   6.00000,
,,,0.000008279200,   6.40000,
,,,0.000008279400,   6.40000,
,,,0.000008279600,   6.40000,
,,,0.000008279800,   6.40000,
,,,0.000008280000,   6.40000,
,,,0.000008280200,   6.40000,
,,,0.000008280400,   6.40000,
,,,0.000008280600,   6.40000,
,,,0.000008280800,   6.40000,
,,,0.000008281000,   6.40000,
,,,0.000008281200,   6.40000,
,,,0.000008281400,   6.00000,
,,,0.000008281600,   6.00000,
,,,0.000008281800,   5.60000,
,,,0.000008282000,   5.60000,
,,,0.000008282200,   5.60000,
,,,0.000008282400,   5.60000,
,,,0.000008282600,   5.60000,
,,,0.000008282800,   5.60000,
,,,0.000008283000,   5.60000,
,,,0.000008283200,   5.60000,
,,,0.000008283400,   5.60000,
,,,0.000008283600,   5.60000,
,,,0.000008283800,   5.20000,
,,,0.000008284000,   5.20000,
,,,0.000008284200,   5.20000,
,,,0.000008284400,   5.20000,
,,,0.000008284600,   5.20000,
,,,0.000008284800,   5.60000,
,,,0.000008285000,   5.60000,
,,,0.000008285200,   5.60000,
,,,0.000008285400,   5.60000,
,,,0.000008285600,   5.60000,
,,,0.000008285800,   5.60000,
,,,0.000008286000,   5.60000,
,,,0.000008286200,   5.60000,
,,,0.000008286400,   5.60000,
,,,0.000008286600,   5.60000,
,,,0.000008286800,   6.00000,
,,,0.000008287000,   6.00000,
,,,0.000008287200,   6.00000,
,,,0.000008287400,   6.00000,
,,,0.000008287600,   6.00000,
,,,0.000008287800,   6.00000,
,,,0.000008288000,   6.00000,
,,,0.000008288200,   6.40000,
,,,0.000008288400,   6.40000,
,,,0.000008288600,   6.40000,
,,,0.000008288800,   6.40000,
,,,0.000008289000,   6.40000,
,,,0.000008289200,   6.80000,
,,,0.000008289400,   6.80000,
,,,0.000008289600,   6.80000,
,,,0.000008289800,   6.80000,
,,,0.000008290000,   6.80000,
,,,0.000008290200,   6.80000,
,,,0.000008290400,   6.80000,
,,,0.000008290600,   6.80000,
,,,0.000008290800,   6.80000,
,,,0.000008291000,   6.80000,
,,,0.000008291200,   6.80000,
,,,0.000008291400,   6.80000,
,,,0.000008291600,   6.80000,
,,,0.000008291800,   6.80000,
,,,0.000008292000,   6.80000,
,,,0.000008292200,   6.80000,
,,,0.000008292400,   6.80000,
,,,0.000008292600,   6.80000,
,,,0.000008292800,   6.80000,
,,,0.000008293000,   6.80000,
,,,0.000008293200,   6.80000,
,,,0.000008293400,   6.80000,
,,,0.000008293600,   6.80000,
,,,0.000008293800,   6.80000,
,,,0.000008294000,   6.80000,
,,,0.000008294200,   6.80000,
,,,0.000008294400,   6.80000,
,,,0.000008294600,   6.80000,
,,,0.000008294800,   6.40000,
,,,0.000008295000,   6.40000,
,,,0.000008295200,   6.40000,
,,,0.000008295400,   6.00000,
,,,0.000008295600,   6.40000,
,,,0.000008295800,   6.40000,
,,,0.000008296000,   6.40000,
,,,0.000008296200,   6.80000,
,,,0.000008296400,   6.40000,
,,,0.000008296600,   6.40000,
,,,0.000008296800,   6.00000,
,,,0.000008297000,   6.00000,
,,,0.000008297200,   6.00000,
,,,0.000008297400,   6.00000,
,,,0.000008297600,   6.00000,
,,,0.000008297800,   6.00000,
,,,0.000008298000,   6.00000,
,,,0.000008298200,   6.00000,
,,,0.000008298400,   6.00000,
,,,0.000008298600,   6.00000,
,,,0.000008298800,   6.00000,
,,,0.000008299000,   6.00000,
,,,0.000008299200,   6.40000,
,,,0.000008299400,   6.00000,
,,,0.000008299600,   6.00000,
,,,0.000008299800,   6.00000,
,,,0.000008300000,   6.00000,
,,,0.000008300200,   6.40000,
,,,0.000008300400,   6.80000,
,,,0.000008300600,   6.80000,
,,,0.000008300800,   7.20000,
,,,0.000008301000,   6.80000,
,,,0.000008301200,   6.80000,
,,,0.000008301400,   6.40000,
,,,0.000008301600,   6.80000,
,,,0.000008301800,   6.80000,
,,,0.000008302000,   6.80000,
,,,0.000008302200,   7.20000,
,,,0.000008302400,   7.20000,
,,,0.000008302600,   7.20000,
,,,0.000008302800,   7.20000,
,,,0.000008303000,   7.60000,
,,,0.000008303200,   8.00000,
,,,0.000008303400,   8.00000,
,,,0.000008303600,   8.00000,
,,,0.000008303800,   7.60000,
,,,0.000008304000,   7.60000,
,,,0.000008304200,   7.60000,
,,,0.000008304400,   7.20000,
,,,0.000008304600,   7.60000,
,,,0.000008304800,   7.60000,
,,,0.000008305000,   7.60000,
,,,0.000008305200,   8.00000,
,,,0.000008305400,   8.00000,
,,,0.000008305600,   8.00000,
,,,0.000008305800,   8.00000,
,,,0.000008306000,   8.00000,
,,,0.000008306200,   8.40000,
,,,0.000008306400,   8.00000,
,,,0.000008306600,   8.00000,
,,,0.000008306800,   7.60000,
,,,0.000008307000,   7.60000,
,,,0.000008307200,   7.60000,
,,,0.000008307400,   7.20000,
,,,0.000008307600,   7.20000,
,,,0.000008307800,   7.20000,
,,,0.000008308000,   6.80000,
,,,0.000008308200,   7.20000,
,,,0.000008308400,   7.20000,
,,,0.000008308600,   7.20000,
,,,0.000008308800,   7.20000,
,,,0.000008309000,   7.20000,
,,,0.000008309200,   7.20000,
,,,0.000008309400,   7.20000,
,,,0.000008309600,   7.20000,
,,,0.000008309800,   6.80000,
,,,0.000008310000,   6.80000,
,,,0.000008310200,   6.80000,
,,,0.000008310400,   6.40000,
,,,0.000008310600,   6.80000,
,,,0.000008310800,   6.80000,
,,,0.000008311000,   6.80000,
,,,0.000008311200,   7.20000,
,,,0.000008311400,   6.80000,
,,,0.000008311600,   6.80000,
,,,0.000008311800,   6.80000,
,,,0.000008312000,   6.40000,
,,,0.000008312200,   6.80000,
,,,0.000008312400,   6.80000,
,,,0.000008312600,   6.80000,
,,,0.000008312800,   7.20000,
,,,0.000008313000,   7.20000,
,,,0.000008313200,   7.20000,
,,,0.000008313400,   7.20000,
,,,0.000008313600,   7.20000,
,,,0.000008313800,   7.20000,
,,,0.000008314000,   7.20000,
,,,0.000008314200,   7.20000,
,,,0.000008314400,   6.80000,
,,,0.000008314600,   7.20000,
,,,0.000008314800,   7.20000,
,,,0.000008315000,   7.20000,
,,,0.000008315200,   7.60000,
,,,0.000008315400,   7.60000,
,,,0.000008315600,   7.60000,
,,,0.000008315800,   7.60000,
,,,0.000008316000,   7.60000,
,,,0.000008316200,   7.60000,
,,,0.000008316400,   7.60000,
,,,0.000008316600,   7.60000,
,,,0.000008316800,   8.00000,
,,,0.000008317000,   8.00000,
,,,0.000008317200,   8.40000,
,,,0.000008317400,   8.00000,
,,,0.000008317600,   8.00000,
,,,0.000008317800,   8.00000,
,,,0.000008318000,   7.60000,
,,,0.000008318200,   8.00000,
,,,0.000008318400,   8.00000,
,,,0.000008318600,   8.00000,
,,,0.000008318800,   8.40000,
,,,0.000008319000,   8.40000,
,,,0.000008319200,   8.80000,
,,,0.000008319400,   8.40000,
,,,0.000008319600,   8.40000,
,,,0.000008319800,   8.00000,
,,,0.000008320000,   8.00000,
,,,0.000008320200,   8.00000,
,,,0.000008320400,   8.00000,
,,,0.000008320600,   8.00000,
,,,0.000008320800,   8.00000,
,,,0.000008321000,   8.00000,
,,,0.000008321200,   8.00000,
,,,0.000008321400,   8.00000,
,,,0.000008321600,   8.00000,
,,,0.000008321800,   8.00000,
,,,0.000008322000,   8.00000,
,,,0.000008322200,   8.00000,
,,,0.000008322400,   7.60000,
,,,0.000008322600,   7.60000,
,,,0.000008322800,   7.60000,
,,,0.000008323000,   7.60000,
,,,0.000008323200,   7.60000,
,,,0.000008323400,   7.20000,
,,,0.000008323600,   7.20000,
,,,0.000008323800,   7.20000,
,,,0.000008324000,   7.20000,
,,,0.000008324200,   7.60000,
,,,0.000008324400,   7.60000,
,,,0.000008324600,   7.60000,
,,,0.000008324800,   7.60000,
,,,0.000008325000,   7.60000,
,,,0.000008325200,   7.60000,
,,,0.000008325400,   7.60000,
,,,0.000008325600,   7.60000,
,,,0.000008325800,   7.60000,
,,,0.000008326000,   7.60000,
,,,0.000008326200,   7.60000,
,,,0.000008326400,   7.60000,
,,,0.000008326600,   7.60000,
,,,0.000008326800,   7.60000,
,,,0.000008327000,   7.60000,
,,,0.000008327200,   8.00000,
,,,0.000008327400,   7.60000,
,,,0.000008327600,   7.60000,
,,,0.000008327800,   7.60000,
,,,0.000008328000,   7.60000,
,,,0.000008328200,   8.00000,
,,,0.000008328400,   8.00000,
,,,0.000008328600,   8.00000,
,,,0.000008328800,   8.00000,
,,,0.000008329000,   8.00000,
,,,0.000008329200,   8.00000,
,,,0.000008329400,   8.00000,
,,,0.000008329600,   8.00000,
,,,0.000008329800,   8.00000,
,,,0.000008330000,   8.00000,
,,,0.000008330200,   8.00000,
,,,0.000008330400,   8.00000,
,,,0.000008330600,   8.00000,
,,,0.000008330800,   8.40000,
,,,0.000008331000,   8.40000,
,,,0.000008331200,   8.40000,
,,,0.000008331400,   8.40000,
,,,0.000008331600,   8.40000,
,,,0.000008331800,   8.40000,
,,,0.000008332000,   8.40000,
,,,0.000008332200,   8.40000,
,,,0.000008332400,   8.40000,
,,,0.000008332600,   8.40000,
,,,0.000008332800,   8.40000,
,,,0.000008333000,   8.40000,
,,,0.000008333200,   8.40000,
,,,0.000008333400,   8.00000,
,,,0.000008333600,   8.00000,
,,,0.000008333800,   8.00000,
,,,0.000008334000,   7.60000,
,,,0.000008334200,   8.00000,
,,,0.000008334400,   8.00000,
,,,0.000008334600,   8.00000,
,,,0.000008334800,   8.00000,
,,,0.000008335000,   8.00000,
,,,0.000008335200,   8.00000,
,,,0.000008335400,   8.00000,
,,,0.000008335600,   8.00000,
,,,0.000008335800,   8.40000,
,,,0.000008336000,   8.40000,
,,,0.000008336200,   8.40000,
,,,0.000008336400,   8.40000,
,,,0.000008336600,   8.40000,
,,,0.000008336800,   8.00000,
,,,0.000008337000,   8.00000,
,,,0.000008337200,   8.00000,
,,,0.000008337400,   8.00000,
,,,0.000008337600,   8.00000,
,,,0.000008337800,   8.00000,
,,,0.000008338000,   8.00000,
,,,0.000008338200,   8.00000,
,,,0.000008338400,   8.00000,
,,,0.000008338600,   8.00000,
,,,0.000008338800,   8.00000,
,,,0.000008339000,   8.00000,
,,,0.000008339200,   8.40000,
,,,0.000008339400,   8.40000,
,,,0.000008339600,   8.40000,
,,,0.000008339800,   8.40000,
,,,0.000008340000,   8.40000,
,,,0.000008340200,   8.40000,
,,,0.000008340400,   8.40000,
,,,0.000008340600,   8.40000,
,,,0.000008340800,   8.40000,
,,,0.000008341000,   8.40000,
,,,0.000008341200,   8.80000,
,,,0.000008341400,   8.40000,
,,,0.000008341600,   8.40000,
,,,0.000008341800,   8.40000,
,,,0.000008342000,   8.40000,
,,,0.000008342200,   8.40000,
,,,0.000008342400,   8.40000,
,,,0.000008342600,   8.40000,
,,,0.000008342800,   8.40000,
,,,0.000008343000,   8.40000,
,,,0.000008343200,   8.80000,
,,,0.000008343400,   8.40000,
,,,0.000008343600,   8.40000,
,,,0.000008343800,   8.40000,
,,,0.000008344000,   8.00000,
,,,0.000008344200,   8.40000,
,,,0.000008344400,   8.40000,
,,,0.000008344600,   8.40000,
,,,0.000008344800,   8.40000,
,,,0.000008345000,   8.40000,
,,,0.000008345200,   8.40000,
,,,0.000008345400,   8.40000,
,,,0.000008345600,   8.40000,
,,,0.000008345800,   8.40000,
,,,0.000008346000,   8.40000,
,,,0.000008346200,   8.40000,
,,,0.000008346400,   8.40000,
,,,0.000008346600,   8.40000,
,,,0.000008346800,   8.40000,
,,,0.000008347000,   8.40000,
,,,0.000008347200,   8.40000,
,,,0.000008347400,   8.40000,
,,,0.000008347600,   8.40000,
,,,0.000008347800,   8.40000,
,,,0.000008348000,   8.40000,
,,,0.000008348200,   8.40000,
,,,0.000008348400,   8.40000,
,,,0.000008348600,   8.40000,
,,,0.000008348800,   8.40000,
,,,0.000008349000,   8.40000,
,,,0.000008349200,   8.80000,
,,,0.000008349400,   8.80000,
,,,0.000008349600,   8.80000,
,,,0.000008349800,   8.40000,
,,,0.000008350000,   8.40000,
,,,0.000008350200,   8.40000,
,,,0.000008350400,   8.40000,
,,,0.000008350600,   8.40000,
,,,0.000008350800,   8.40000,
,,,0.000008351000,   8.40000,
,,,0.000008351200,   8.40000,
,,,0.000008351400,   8.40000,
,,,0.000008351600,   8.40000,
,,,0.000008351800,   8.40000,
,,,0.000008352000,   8.40000,
,,,0.000008352200,   8.80000,
,,,0.000008352400,   8.80000,
,,,0.000008352600,   8.80000,
,,,0.000008352800,   8.80000,
,,,0.000008353000,   8.80000,
,,,0.000008353200,   8.80000,
,,,0.000008353400,   8.80000,
,,,0.000008353600,   8.80000,
,,,0.000008353800,   8.80000,
,,,0.000008354000,   8.80000,
,,,0.000008354200,   8.80000,
,,,0.000008354400,   8.80000,
,,,0.000008354600,   8.80000,
,,,0.000008354800,   8.80000,
,,,0.000008355000,   8.80000,
,,,0.000008355200,   8.80000,
,,,0.000008355400,   8.80000,
,,,0.000008355600,   8.80000,
,,,0.000008355800,   8.80000,
,,,0.000008356000,   8.80000,
,,,0.000008356200,   9.20000,
,,,0.000008356400,   8.80000,
,,,0.000008356600,   8.80000,
,,,0.000008356800,   8.80000,
,,,0.000008357000,   8.80000,
,,,0.000008357200,   8.80000,
,,,0.000008357400,   8.80000,
,,,0.000008357600,   8.80000,
,,,0.000008357800,   8.40000,
,,,0.000008358000,   8.40000,
,,,0.000008358200,   8.40000,
,,,0.000008358400,   8.40000,
,,,0.000008358600,   8.40000,
,,,0.000008358800,   8.40000,
,,,0.000008359000,   8.40000,
,,,0.000008359200,   8.40000,
,,,0.000008359400,   8.40000,
,,,0.000008359600,   8.40000,
,,,0.000008359800,   8.80000,
,,,0.000008360000,   8.80000,
,,,0.000008360200,   8.80000,
,,,0.000008360400,   8.80000,
,,,0.000008360600,   8.80000,
,,,0.000008360800,   8.80000,
,,,0.000008361000,   8.80000,
,,,0.000008361200,   8.80000,
,,,0.000008361400,   8.80000,
,,,0.000008361600,   8.80000,
,,,0.000008361800,   8.80000,
,,,0.000008362000,   8.80000,
,,,0.000008362200,   8.80000,
,,,0.000008362400,   8.80000,
,,,0.000008362600,   8.80000,
,,,0.000008362800,   8.80000,
,,,0.000008363000,   8.80000,
,,,0.000008363200,   9.20000,
,,,0.000008363400,   8.80000,
,,,0.000008363600,   8.80000,
,,,0.000008363800,   8.80000,
,,,0.000008364000,   8.80000,
,,,0.000008364200,   9.20000,
,,,0.000008364400,   9.20000,
,,,0.000008364600,   9.20000,
,,,0.000008364800,   8.80000,
,,,0.000008365000,   8.40000,
,,,0.000008365200,   8.40000,
,,,0.000008365400,   8.00000,
,,,0.000008365600,   8.00000,
,,,0.000008365800,   8.40000,
,,,0.000008366000,   8.40000,
,,,0.000008366200,   8.80000,
,,,0.000008366400,   8.80000,
,,,0.000008366600,   8.80000,
,,,0.000008366800,   8.80000,
,,,0.000008367000,   8.80000,
,,,0.000008367200,   9.20000,
,,,0.000008367400,   8.80000,
,,,0.000008367600,   8.80000,
,,,0.000008367800,   8.80000,
,,,0.000008368000,   8.80000,
,,,0.000008368200,   8.80000,
,,,0.000008368400,   8.80000,
,,,0.000008368600,   8.80000,
,,,0.000008368800,   8.80000,
,,,0.000008369000,   8.80000,
,,,0.000008369200,   9.20000,
,,,0.000008369400,   9.20000,
,,,0.000008369600,   9.20000,
,,,0.000008369800,   8.80000,
,,,0.000008370000,   8.80000,
,,,0.000008370200,   8.80000,
,,,0.000008370400,   8.40000,
,,,0.000008370600,   8.80000,
,,,0.000008370800,   8.80000,
,,,0.000008371000,   8.80000,
,,,0.000008371200,   9.20000,
,,,0.000008371400,   8.80000,
,,,0.000008371600,   8.80000,
,,,0.000008371800,   8.80000,
,,,0.000008372000,   8.80000,
,,,0.000008372200,   8.80000,
,,,0.000008372400,   8.80000,
,,,0.000008372600,   8.80000,
,,,0.000008372800,   8.80000,
,,,0.000008373000,   8.80000,
,,,0.000008373200,   8.80000,
,,,0.000008373400,   8.80000,
,,,0.000008373600,   8.80000,
,,,0.000008373800,   8.80000,
,,,0.000008374000,   8.80000,
,,,0.000008374200,   8.80000,
,,,0.000008374400,   8.80000,
,,,0.000008374600,   8.80000,
,,,0.000008374800,   8.80000,
,,,0.000008375000,   8.80000,
,,,0.000008375200,   8.80000,
,,,0.000008375400,   8.80000,
,,,0.000008375600,   8.80000,
,,,0.000008375800,   9.20000,
,,,0.000008376000,   9.20000,
,,,0.000008376200,   9.20000,
,,,0.000008376400,   9.20000,
,,,0.000008376600,   9.20000,
,,,0.000008376800,   8.80000,
,,,0.000008377000,   8.80000,
,,,0.000008377200,   8.80000,
,,,0.000008377400,   8.40000,
,,,0.000008377600,   8.80000,
,,,0.000008377800,   8.80000,
,,,0.000008378000,   8.80000,
,,,0.000008378200,   9.20000,
,,,0.000008378400,   9.20000,
,,,0.000008378600,   9.20000,
,,,0.000008378800,   9.20000,
,,,0.000008379000,   9.20000,
,,,0.000008379200,   9.20000,
,,,0.000008379400,   8.80000,
,,,0.000008379600,   8.80000,
,,,0.000008379800,   8.80000,
,,,0.000008380000,   8.80000,
,,,0.000008380200,   9.20000,
,,,0.000008380400,   9.20000,
,,,0.000008380600,   9.20000,
,,,0.000008380800,   9.20000,
,,,0.000008381000,   9.20000,
,,,0.000008381200,   9.20000,
,,,0.000008381400,   8.80000,
,,,0.000008381600,   8.80000,
,,,0.000008381800,   8.80000,
,,,0.000008382000,   8.80000,
,,,0.000008382200,   9.20000,
,,,0.000008382400,   9.20000,
,,,0.000008382600,   9.20000,
,,,0.000008382800,   9.20000,
,,,0.000008383000,   9.20000,
,,,0.000008383200,   9.20000,
,,,0.000008383400,   9.20000,
,,,0.000008383600,   9.20000,
,,,0.000008383800,   8.80000,
,,,0.000008384000,   8.80000,
,,,0.000008384200,   8.80000,
,,,0.000008384400,   8.40000,
,,,0.000008384600,   8.80000,
,,,0.000008384800,   8.80000,
,,,0.000008385000,   8.80000,
,,,0.000008385200,   9.20000,
,,,0.000008385400,   8.80000,
,,,0.000008385600,   8.80000,
,,,0.000008385800,   8.80000,
,,,0.000008386000,   8.80000,
,,,0.000008386200,   8.80000,
,,,0.000008386400,   8.80000,
,,,0.000008386600,   8.80000,
,,,0.000008386800,   8.80000,
,,,0.000008387000,   8.80000,
,,,0.000008387200,   8.80000,
,,,0.000008387400,   8.80000,
,,,0.000008387600,   8.80000,
,,,0.000008387800,   8.40000,
,,,0.000008388000,   8.40000,
,,,0.000008388200,   8.40000,
,,,0.000008388400,   8.40000,
,,,0.000008388600,   8.40000,
,,,0.000008388800,   8.80000,
,,,0.000008389000,   8.80000,
,,,0.000008389200,   9.20000,
,,,0.000008389400,   9.20000,
,,,0.000008389600,   9.20000,
,,,0.000008389800,   9.20000,
,,,0.000008390000,   9.20000,
,,,0.000008390200,   9.60000,
,,,0.000008390400,   9.60000,
,,,0.000008390600,   9.60000,
,,,0.000008390800,   9.60000,
,,,0.000008391000,   9.60000,
,,,0.000008391200,   9.60000,
,,,0.000008391400,   9.20000,
,,,0.000008391600,   9.20000,
,,,0.000008391800,   9.20000,
,,,0.000008392000,   9.20000,
,,,0.000008392200,   9.20000,
,,,0.000008392400,   9.20000,
,,,0.000008392600,   9.20000,
,,,0.000008392800,   8.80000,
,,,0.000008393000,   8.80000,
,,,0.000008393200,   8.80000,
,,,0.000008393400,   8.80000,
,,,0.000008393600,   8.80000,
,,,0.000008393800,   9.20000,
,,,0.000008394000,   9.20000,
,,,0.000008394200,   9.60000,
,,,0.000008394400,   9.20000,
,,,0.000008394600,   9.20000,
,,,0.000008394800,   9.20000,
,,,0.000008395000,   9.20000,
,,,0.000008395200,   9.20000,
,,,0.000008395400,   8.80000,
,,,0.000008395600,   8.80000,
,,,0.000008395800,   8.80000,
,,,0.000008396000,   8.80000,
,,,0.000008396200,   9.20000,
,,,0.000008396400,   9.20000,
,,,0.000008396600,   9.60000,
,,,0.000008396800,   9.60000,
,,,0.000008397000,   9.20000,
,,,0.000008397200,   9.20000,
,,,0.000008397400,   8.80000,
,,,0.000008397600,   8.80000,
,,,0.000008397800,   8.80000,
,,,0.000008398000,   8.40000,
,,,0.000008398200,   8.80000,
,,,0.000008398400,   8.80000,
,,,0.000008398600,   8.80000,
,,,0.000008398800,   8.80000,
,,,0.000008399000,   8.80000,
,,,0.000008399200,   8.80000,
,,,0.000008399400,   8.80000,
,,,0.000008399600,   8.80000,
,,,0.000008399800,   9.20000,
,,,0.000008400000,   9.20000,
,,,0.000008400200,   9.20000,
,,,0.000008400400,   9.20000,
,,,0.000008400600,   9.20000,
,,,0.000008400800,   9.20000,
,,,0.000008401000,   9.20000,
,,,0.000008401200,   9.20000,
,,,0.000008401400,   9.20000,
,,,0.000008401600,   9.20000,
,,,0.000008401800,   9.20000,
,,,0.000008402000,   9.20000,
,,,0.000008402200,   9.60000,
,,,0.000008402400,   9.60000,
,,,0.000008402600,   9.60000,
,,,0.000008402800,   9.20000,
,,,0.000008403000,   9.20000,
,,,0.000008403200,   9.20000,
,,,0.000008403400,   9.20000,
,,,0.000008403600,   9.20000,
,,,0.000008403800,   9.60000,
,,,0.000008404000,   9.60000,
,,,0.000008404200,   9.60000,
,,,0.000008404400,   9.20000,
,,,0.000008404600,   9.20000,
,,,0.000008404800,   9.20000,
,,,0.000008405000,   9.20000,
,,,0.000008405200,   9.60000,
,,,0.000008405400,   9.60000,
,,,0.000008405600,   9.60000,
,,,0.000008405800,   9.60000,
,,,0.000008406000,   9.60000,
,,,0.000008406200,   9.60000,
,,,0.000008406400,   9.20000,
,,,0.000008406600,   9.20000,
,,,0.000008406800,   9.20000,
,,,0.000008407000,   9.20000,
,,,0.000008407200,   9.60000,
,,,0.000008407400,   9.20000,
,,,0.000008407600,   9.20000,
,,,0.000008407800,   8.80000,
,,,0.000008408000,   8.80000,
,,,0.000008408200,   8.80000,
,,,0.000008408400,   8.80000,
,,,0.000008408600,   8.80000,
,,,0.000008408800,   8.80000,
,,,0.000008409000,   8.40000,
,,,0.000008409200,   8.80000,
,,,0.000008409400,   8.80000,
,,,0.000008409600,   9.20000,
,,,0.000008409800,   9.60000,
,,,0.000008410000,   9.60000,
,,,0.000008410200,   9.60000,
,,,0.000008410400,   9.60000,
,,,0.000008410600,   9.60000,
,,,0.000008410800,   9.20000,
,,,0.000008411000,   9.20000,
,,,0.000008411200,   9.20000,
,,,0.000008411400,   9.20000,
,,,0.000008411600,   9.20000,
,,,0.000008411800,   9.20000,
,,,0.000008412000,   9.20000,
,,,0.000008412200,   9.20000,
,,,0.000008412400,   9.20000,
,,,0.000008412600,   9.20000,
,,,0.000008412800,   9.20000,
,,,0.000008413000,   9.20000,
,,,0.000008413200,   9.60000,
,,,0.000008413400,   9.60000,
,,,0.000008413600,   9.60000,
,,,0.000008413800,   9.20000,
,,,0.000008414000,   8.80000,
,,,0.000008414200,   8.80000,
,,,0.000008414400,   8.40000,
,,,0.000008414600,   8.40000,
,,,0.000008414800,   8.80000,
,,,0.000008415000,   8.80000,
,,,0.000008415200,   9.20000,
,,,0.000008415400,   9.20000,
,,,0.000008415600,   9.20000,
,,,0.000008415800,   9.20000,
,,,0.000008416000,   9.20000,
,,,0.000008416200,   9.20000,
,,,0.000008416400,   9.20000,
,,,0.000008416600,   9.20000,
,,,0.000008416800,   9.20000,
,,,0.000008417000,   9.20000,
,,,0.000008417200,   9.20000,
,,,0.000008417400,   9.20000,
,,,0.000008417600,   9.20000,
,,,0.000008417800,   9.20000,
,,,0.000008418000,   9.20000,
,,,0.000008418200,   9.20000,
,,,0.000008418400,   9.20000,
,,,0.000008418600,   9.20000,
,,,0.000008418800,   9.20000,
,,,0.000008419000,   9.20000,
,,,0.000008419200,   9.20000,
,,,0.000008419400,   9.20000,
,,,0.000008419600,   9.20000,
,,,0.000008419800,   9.20000,
,,,0.000008420000,   9.20000,
,,,0.000008420200,   9.20000,
,,,0.000008420400,   9.20000,
,,,0.000008420600,   9.20000,
,,,0.000008420800,   9.20000,
,,,0.000008421000,   9.20000,
,,,0.000008421200,   9.20000,
,,,0.000008421400,   9.20000,
,,,0.000008421600,   9.20000,
,,,0.000008421800,   9.20000,
,,,0.000008422000,   9.20000,
,,,0.000008422200,   9.60000,
,,,0.000008422400,   9.20000,
,,,0.000008422600,   9.20000,
,,,0.000008422800,   9.20000,
,,,0.000008423000,   9.20000,
,,,0.000008423200,   9.60000,
,,,0.000008423400,   9.60000,
,,,0.000008423600,   9.60000,
,,,0.000008423800,   9.60000,
,,,0.000008424000,   9.60000,
,,,0.000008424200,   9.60000,
,,,0.000008424400,   9.20000,
,,,0.000008424600,   9.20000,
,,,0.000008424800,   9.20000,
,,,0.000008425000,   9.20000,
,,,0.000008425200,   9.60000,
,,,0.000008425400,   9.20000,
,,,0.000008425600,   9.20000,
,,,0.000008425800,   9.20000,
,,,0.000008426000,   9.20000,
,,,0.000008426200,   9.60000,
,,,0.000008426400,   9.20000,
,,,0.000008426600,   9.20000,
,,,0.000008426800,   9.20000,
,,,0.000008427000,   9.20000,
,,,0.000008427200,   9.20000,
,,,0.000008427400,   9.20000,
,,,0.000008427600,   9.20000,
,,,0.000008427800,   9.20000,
,,,0.000008428000,   9.20000,
,,,0.000008428200,   9.20000,
,,,0.000008428400,   9.20000,
,,,0.000008428600,   9.20000,
,,,0.000008428800,   9.20000,
,,,0.000008429000,   9.20000,
,,,0.000008429200,   9.20000,
,,,0.000008429400,   9.20000,
,,,0.000008429600,   9.20000,
,,,0.000008429800,   9.20000,
,,,0.000008430000,   9.20000,
,,,0.000008430200,   9.60000,
,,,0.000008430400,   9.20000,
,,,0.000008430600,   9.20000,
,,,0.000008430800,   9.20000,
,,,0.000008431000,   9.20000,
,,,0.000008431200,   9.20000,
,,,0.000008431400,   9.20000,
,,,0.000008431600,   9.20000,
,,,0.000008431800,   9.20000,
,,,0.000008432000,   9.20000,
,,,0.000008432200,   9.60000,
,,,0.000008432400,   9.20000,
,,,0.000008432600,   9.20000,
,,,0.000008432800,   9.20000,
,,,0.000008433000,   9.20000,
,,,0.000008433200,   9.60000,
,,,0.000008433400,   9.20000,
,,,0.000008433600,   9.20000,
,,,0.000008433800,   9.20000,
,,,0.000008434000,   9.20000,
,,,0.000008434200,   9.60000,
,,,0.000008434400,   9.60000,
,,,0.000008434600,   9.60000,
,,,0.000008434800,   9.20000,
,,,0.000008435000,   9.20000,
,,,0.000008435200,   9.20000,
,,,0.000008435400,   9.20000,
,,,0.000008435600,   9.20000,
,,,0.000008435800,   9.20000,
,,,0.000008436000,   9.20000,
,,,0.000008436200,   9.20000,
,,,0.000008436400,   9.20000,
,,,0.000008436600,   9.20000,
,,,0.000008436800,   9.20000,
,,,0.000008437000,   9.20000,
,,,0.000008437200,   9.20000,
,,,0.000008437400,   9.20000,
,,,0.000008437600,   9.20000,
,,,0.000008437800,   9.60000,
,,,0.000008438000,   9.60000,
,,,0.000008438200,   9.60000,
,,,0.000008438400,   9.60000,
,,,0.000008438600,   9.60000,
,,,0.000008438800,   9.60000,
,,,0.000008439000,   9.60000,
,,,0.000008439200,   9.60000,
,,,0.000008439400,   9.20000,
,,,0.000008439600,   9.20000,
,,,0.000008439800,   9.20000,
,,,0.000008440000,   9.20000,
,,,0.000008440200,   9.60000,
,,,0.000008440400,   9.60000,
,,,0.000008440600,  10.00000,
,,,0.000008440800,   9.60000,
,,,0.000008441000,   9.60000,
,,,0.000008441200,   9.60000,
,,,0.000008441400,   9.60000,
,,,0.000008441600,   9.60000,
,,,0.000008441800,   9.60000,
,,,0.000008442000,   9.60000,
,,,0.000008442200,   9.60000,
,,,0.000008442400,   9.60000,
,,,0.000008442600,   9.60000,
,,,0.000008442800,   9.20000,
,,,0.000008443000,   9.20000,
,,,0.000008443200,   9.20000,
,,,0.000008443400,   9.20000,
,,,0.000008443600,   9.20000,
,,,0.000008443800,   9.20000,
,,,0.000008444000,   9.20000,
,,,0.000008444200,   9.20000,
,,,0.000008444400,   9.20000,
,,,0.000008444600,   9.20000,
,,,0.000008444800,   9.20000,
,,,0.000008445000,   9.20000,
,,,0.000008445200,   9.20000,
,,,0.000008445400,   8.80000,
,,,0.000008445600,   9.20000,
,,,0.000008445800,   9.20000,
,,,0.000008446000,   9.20000,
,,,0.000008446200,   9.60000,
,,,0.000008446400,   9.60000,
,,,0.000008446600,   9.60000,
,,,0.000008446800,   9.20000,
,,,0.000008447000,   9.20000,
,,,0.000008447200,   9.20000,
,,,0.000008447400,   8.80000,
,,,0.000008447600,   9.20000,
,,,0.000008447800,   9.20000,
,,,0.000008448000,   9.20000,
,,,0.000008448200,   9.60000,
,,,0.000008448400,   9.20000,
,,,0.000008448600,   9.20000,
,,,0.000008448800,   9.20000,
,,,0.000008449000,   9.20000,
,,,0.000008449200,   9.60000,
,,,0.000008449400,   9.60000,
,,,0.000008449600,   9.60000,
,,,0.000008449800,   9.60000,
