Record Length,2.500000e+03,,   0.000008178800,  24.80000,
Sample Interval,4.000000e-11,,   0.000008178840,  24.80000,
Trigger Point,-2.044700000000e+05,,   0.000008178880,  24.80000,
,,,   0.000008178920,  24.80000,
,,,   0.000008178960,  24.80000,
,,,   0.000008179000,  24.80000,
Source,CH1,,   0.000008179040,  24.80000,
Vertical Units,V,,   0.000008179080,  24.80000,
Vertical Scale,1.000000e+01,,   0.000008179120,  24.80000,
Vertical Offset,-8.000000e-01,,   0.000008179160,  24.80000,
Horizontal Units,s,,   0.000008179200,  24.80000,
Horizontal Scale,1.000000e-08,,   0.000008179240,  24.80000,
Pt Fmt,Y,,   0.000008179280,  24.80000,
Yzero,0.000000e+00,,   0.000008179320,  24.80000,
Probe Atten,1.000000e+01,,   0.000008179360,  24.80000,
Model Number,TDS2024B,,   0.000008179400,  24.80000,
Serial Number,C046999,,   0.000008179440,  24.80000,
Firmware Version,FV:v22.11,,   0.000008179480,  25.20000,
,,,0.000008179520,  25.20000,
,,,0.000008179560,  25.20000,
,,,0.000008179600,  25.20000,
,,,0.000008179640,  25.20000,
,,,0.000008179680,  25.20000,
,,,0.000008179720,  25.20000,
,,,0.000008179760,  25.20000,
,,,0.000008179800,  25.20000,
,,,0.000008179840,  25.20000,
,,,0.000008179880,  25.20000,
,,,0.000008179920,  25.20000,
,,,0.000008179960,  25.20000,
,,,0.000008180000,  25.20000,
,,,0.000008180040,  25.20000,
,,,0.000008180080,  25.20000,
,,,0.000008180120,  25.20000,
,,,0.000008180160,  25.20000,
,,,0.000008180200,  25.20000,
,,,0.000008180240,  25.20000,
,,,0.000008180280,  25.20000,
,,,0.000008180320,  25.20000,
,,,0.000008180360,  25.20000,
,,,0.000008180400,  25.20000,
,,,0.000008180440,  25.20000,
,,,0.000008180480,  25.20000,
,,,0.000008180520,  25.20000,
,,,0.000008180560,  25.20000,
,,,0.000008180600,  25.20000,
,,,0.000008180640,  24.80000,
,,,0.000008180680,  24.80000,
,,,0.000008180720,  24.80000,
,,,0.000008180760,  24.80000,
,,,0.000008180800,  24.80000,
,,,0.000008180840,  24.80000,
,,,0.000008180880,  24.80000,
,,,0.000008180920,  24.80000,
,,,0.000008180960,  24.80000,
,,,0.000008181000,  24.80000,
,,,0.000008181040,  24.80000,
,,,0.000008181080,  24.80000,
,,,0.000008181120,  24.80000,
,,,0.000008181160,  24.80000,
,,,0.000008181200,  24.80000,
,,,0.000008181240,  24.80000,
,,,0.000008181280,  24.80000,
,,,0.000008181320,  24.80000,
,,,0.000008181360,  24.80000,
,,,0.000008181400,  24.80000,
,,,0.000008181440,  24.80000,
,,,0.000008181480,  24.80000,
,,,0.000008181520,  24.80000,
,,,0.000008181560,  24.80000,
,,,0.000008181600,  24.80000,
,,,0.000008181640,  24.40000,
,,,0.000008181680,  24.40000,
,,,0.000008181720,  24.40000,
,,,0.000008181760,  24.40000,
,,,0.000008181800,  24.40000,
,,,0.000008181840,  24.40000,
,,,0.000008181880,  24.40000,
,,,0.000008181920,  24.40000,
,,,0.000008181960,  24.40000,
,,,0.000008182000,  24.40000,
,,,0.000008182040,  24.40000,
,,,0.000008182080,  24.40000,
,,,0.000008182120,  24.00000,
,,,0.000008182160,  24.00000,
,,,0.000008182200,  24.00000,
,,,0.000008182240,  24.00000,
,,,0.000008182280,  24.00000,
,,,0.000008182320,  24.00000,
,,,0.000008182360,  24.00000,
,,,0.000008182400,  24.00000,
,,,0.000008182440,  24.00000,
,,,0.000008182480,  24.00000,
,,,0.000008182520,  24.00000,
,,,0.000008182560,  24.00000,
,,,0.000008182600,  24.00000,
,,,0.000008182640,  24.00000,
,,,0.000008182680,  24.00000,
,,,0.000008182720,  24.00000,
,,,0.000008182760,  24.00000,
,,,0.000008182800,  24.00000,
,,,0.000008182840,  24.00000,
,,,0.000008182880,  24.00000,
,,,0.000008182920,  24.00000,
,,,0.000008182960,  24.00000,
,,,0.000008183000,  24.40000,
,,,0.000008183040,  24.40000,
,,,0.000008183080,  24.40000,
,,,0.000008183120,  24.40000,
,,,0.000008183160,  24.40000,
,,,0.000008183200,  24.40000,
,,,0.000008183240,  24.40000,
,,,0.000008183280,  24.40000,
,,,0.000008183320,  24.40000,
,,,0.000008183360,  24.40000,
,,,0.000008183400,  24.40000,
,,,0.000008183440,  24.40000,
,,,0.000008183480,  24.80000,
,,,0.000008183520,  24.80000,
,,,0.000008183560,  24.80000,
,,,0.000008183600,  24.80000,
,,,0.000008183640,  24.80000,
,,,0.000008183680,  24.80000,
,,,0.000008183720,  24.80000,
,,,0.000008183760,  24.80000,
,,,0.000008183800,  24.80000,
,,,0.000008183840,  24.80000,
,,,0.000008183880,  24.80000,
,,,0.000008183920,  24.80000,
,,,0.000008183960,  24.80000,
,,,0.000008184000,  24.80000,
,,,0.000008184040,  24.80000,
,,,0.000008184080,  24.80000,
,,,0.000008184120,  24.80000,
,,,0.000008184160,  24.80000,
,,,0.000008184200,  24.80000,
,,,0.000008184240,  24.80000,
,,,0.000008184280,  24.80000,
,,,0.000008184320,  24.80000,
,,,0.000008184360,  24.80000,
,,,0.000008184400,  24.80000,
,,,0.000008184440,  24.80000,
,,,0.000008184480,  24.80000,
,,,0.000008184520,  24.80000,
,,,0.000008184560,  24.80000,
,,,0.000008184600,  24.80000,
,,,0.000008184640,  24.80000,
,,,0.000008184680,  24.80000,
,,,0.000008184720,  24.80000,
,,,0.000008184760,  24.80000,
,,,0.000008184800,  24.80000,
,,,0.000008184840,  24.80000,
,,,0.000008184880,  24.80000,
,,,0.000008184920,  24.80000,
,,,0.000008184960,  24.80000,
,,,0.000008185000,  24.80000,
,,,0.000008185040,  24.80000,
,,,0.000008185080,  24.80000,
,,,0.000008185120,  24.80000,
,,,0.000008185160,  24.80000,
,,,0.000008185200,  24.80000,
,,,0.000008185240,  24.80000,
,,,0.000008185280,  24.80000,
,,,0.000008185320,  24.80000,
,,,0.000008185360,  24.80000,
,,,0.000008185400,  24.80000,
,,,0.000008185440,  24.80000,
,,,0.000008185480,  25.20000,
,,,0.000008185520,  25.20000,
,,,0.000008185560,  25.20000,
,,,0.000008185600,  25.20000,
,,,0.000008185640,  24.80000,
,,,0.000008185680,  24.80000,
,,,0.000008185720,  24.80000,
,,,0.000008185760,  24.80000,
,,,0.000008185800,  24.80000,
,,,0.000008185840,  24.80000,
,,,0.000008185880,  24.80000,
,,,0.000008185920,  24.80000,
,,,0.000008185960,  24.80000,
,,,0.000008186000,  24.80000,
,,,0.000008186040,  24.80000,
,,,0.000008186080,  24.80000,
,,,0.000008186120,  24.80000,
,,,0.000008186160,  24.80000,
,,,0.000008186200,  24.80000,
,,,0.000008186240,  24.80000,
,,,0.000008186280,  24.80000,
,,,0.000008186320,  24.80000,
,,,0.000008186360,  24.80000,
,,,0.000008186400,  24.80000,
,,,0.000008186440,  24.80000,
,,,0.000008186480,  24.80000,
,,,0.000008186520,  24.80000,
,,,0.000008186560,  24.80000,
,,,0.000008186600,  24.80000,
,,,0.000008186640,  24.80000,
,,,0.000008186680,  24.80000,
,,,0.000008186720,  24.80000,
,,,0.000008186760,  24.80000,
,,,0.000008186800,  24.80000,
,,,0.000008186840,  24.80000,
,,,0.000008186880,  24.80000,
,,,0.000008186920,  24.80000,
,,,0.000008186960,  24.80000,
,,,0.000008187000,  24.80000,
,,,0.000008187040,  24.80000,
,,,0.000008187080,  24.80000,
,,,0.000008187120,  24.80000,
,,,0.000008187160,  24.80000,
,,,0.000008187200,  24.80000,
,,,0.000008187240,  24.80000,
,,,0.000008187280,  24.80000,
,,,0.000008187320,  24.80000,
,,,0.000008187360,  24.80000,
,,,0.000008187400,  24.80000,
,,,0.000008187440,  24.80000,
,,,0.000008187480,  25.20000,
,,,0.000008187520,  25.20000,
,,,0.000008187560,  25.20000,
,,,0.000008187600,  25.20000,
,,,0.000008187640,  25.20000,
,,,0.000008187680,  25.20000,
,,,0.000008187720,  25.20000,
,,,0.000008187760,  25.20000,
,,,0.000008187800,  25.20000,
,,,0.000008187840,  25.20000,
,,,0.000008187880,  25.20000,
,,,0.000008187920,  25.20000,
,,,0.000008187960,  25.20000,
,,,0.000008188000,  25.20000,
,,,0.000008188040,  25.20000,
,,,0.000008188080,  25.20000,
,,,0.000008188120,  25.20000,
,,,0.000008188160,  25.20000,
,,,0.000008188200,  25.20000,
,,,0.000008188240,  25.20000,
,,,0.000008188280,  25.20000,
,,,0.000008188320,  25.20000,
,,,0.000008188360,  25.20000,
,,,0.000008188400,  25.20000,
,,,0.000008188440,  25.20000,
,,,0.000008188480,  25.20000,
,,,0.000008188520,  25.20000,
,,,0.000008188560,  25.20000,
,,,0.000008188600,  25.20000,
,,,0.000008188640,  25.20000,
,,,0.000008188680,  24.80000,
,,,0.000008188720,  24.80000,
,,,0.000008188760,  24.80000,
,,,0.000008188800,  24.80000,
,,,0.000008188840,  24.80000,
,,,0.000008188880,  24.80000,
,,,0.000008188920,  24.80000,
,,,0.000008188960,  24.80000,
,,,0.000008189000,  24.80000,
,,,0.000008189040,  24.80000,
,,,0.000008189080,  24.40000,
,,,0.000008189120,  24.40000,
,,,0.000008189160,  24.40000,
,,,0.000008189200,  24.40000,
,,,0.000008189240,  24.40000,
,,,0.000008189280,  24.40000,
,,,0.000008189320,  24.00000,
,,,0.000008189360,  24.00000,
,,,0.000008189400,  24.00000,
,,,0.000008189440,  24.00000,
,,,0.000008189480,  24.00000,
,,,0.000008189520,  24.00000,
,,,0.000008189560,  24.00000,
,,,0.000008189600,  24.00000,
,,,0.000008189640,  23.60000,
,,,0.000008189680,  23.60000,
,,,0.000008189720,  23.60000,
,,,0.000008189760,  23.60000,
,,,0.000008189800,  23.60000,
,,,0.000008189840,  23.60000,
,,,0.000008189880,  23.60000,
,,,0.000008189920,  23.60000,
,,,0.000008189960,  24.00000,
,,,0.000008190000,  24.00000,
,,,0.000008190040,  24.00000,
,,,0.000008190080,  24.00000,
,,,0.000008190120,  24.00000,
,,,0.000008190160,  24.00000,
,,,0.000008190200,  24.00000,
,,,0.000008190240,  24.00000,
,,,0.000008190280,  24.00000,
,,,0.000008190320,  24.00000,
,,,0.000008190360,  24.00000,
,,,0.000008190400,  24.00000,
,,,0.000008190440,  24.00000,
,,,0.000008190480,  24.40000,
,,,0.000008190520,  24.40000,
,,,0.000008190560,  24.40000,
,,,0.000008190600,  24.40000,
,,,0.000008190640,  24.40000,
,,,0.000008190680,  24.40000,
,,,0.000008190720,  24.40000,
,,,0.000008190760,  24.40000,
,,,0.000008190800,  24.40000,
,,,0.000008190840,  24.40000,
,,,0.000008190880,  24.40000,
,,,0.000008190920,  24.40000,
,,,0.000008190960,  24.40000,
,,,0.000008191000,  24.40000,
,,,0.000008191040,  24.40000,
,,,0.000008191080,  24.40000,
,,,0.000008191120,  24.40000,
,,,0.000008191160,  24.40000,
,,,0.000008191200,  24.40000,
,,,0.000008191240,  24.40000,
,,,0.000008191280,  24.40000,
,,,0.000008191320,  24.40000,
,,,0.000008191360,  24.40000,
,,,0.000008191400,  24.40000,
,,,0.000008191440,  24.40000,
,,,0.000008191480,  24.40000,
,,,0.000008191520,  24.80000,
,,,0.000008191560,  24.80000,
,,,0.000008191600,  24.80000,
,,,0.000008191640,  24.80000,
,,,0.000008191680,  24.80000,
,,,0.000008191720,  24.80000,
,,,0.000008191760,  24.80000,
,,,0.000008191800,  24.80000,
,,,0.000008191840,  24.80000,
,,,0.000008191880,  24.80000,
,,,0.000008191920,  24.80000,
,,,0.000008191960,  25.20000,
,,,0.000008192000,  25.20000,
,,,0.000008192040,  25.20000,
,,,0.000008192080,  25.20000,
,,,0.000008192120,  25.20000,
,,,0.000008192160,  25.20000,
,,,0.000008192200,  25.20000,
,,,0.000008192240,  25.20000,
,,,0.000008192280,  25.20000,
,,,0.000008192320,  25.20000,
,,,0.000008192360,  25.20000,
,,,0.000008192400,  25.20000,
,,,0.000008192440,  25.20000,
,,,0.000008192480,  25.20000,
,,,0.000008192520,  25.20000,
,,,0.000008192560,  25.20000,
,,,0.000008192600,  25.20000,
,,,0.000008192640,  24.80000,
,,,0.000008192680,  24.80000,
,,,0.000008192720,  24.80000,
,,,0.000008192760,  24.80000,
,,,0.000008192800,  24.80000,
,,,0.000008192840,  24.80000,
,,,0.000008192880,  24.80000,
,,,0.000008192920,  24.80000,
,,,0.000008192960,  24.80000,
,,,0.000008193000,  24.80000,
,,,0.000008193040,  24.80000,
,,,0.000008193080,  24.80000,
,,,0.000008193120,  24.80000,
,,,0.000008193160,  24.80000,
,,,0.000008193200,  24.80000,
,,,0.000008193240,  24.40000,
,,,0.000008193280,  24.40000,
,,,0.000008193320,  24.40000,
,,,0.000008193360,  24.40000,
,,,0.000008193400,  24.80000,
,,,0.000008193440,  24.80000,
,,,0.000008193480,  24.80000,
,,,0.000008193520,  24.80000,
,,,0.000008193560,  24.80000,
,,,0.000008193600,  24.80000,
,,,0.000008193640,  24.80000,
,,,0.000008193680,  24.80000,
,,,0.000008193720,  24.80000,
,,,0.000008193760,  24.80000,
,,,0.000008193800,  24.80000,
,,,0.000008193840,  24.80000,
,,,0.000008193880,  24.80000,
,,,0.000008193920,  24.80000,
,,,0.000008193960,  25.20000,
,,,0.000008194000,  25.20000,
,,,0.000008194040,  25.20000,
,,,0.000008194080,  25.20000,
,,,0.000008194120,  25.20000,
,,,0.000008194160,  25.20000,
,,,0.000008194200,  24.80000,
,,,0.000008194240,  24.80000,
,,,0.000008194280,  24.80000,
,,,0.000008194320,  24.80000,
,,,0.000008194360,  24.80000,
,,,0.000008194400,  24.80000,
,,,0.000008194440,  24.80000,
,,,0.000008194480,  24.80000,
,,,0.000008194520,  24.80000,
,,,0.000008194560,  24.80000,
,,,0.000008194600,  24.40000,
,,,0.000008194640,  24.40000,
,,,0.000008194680,  24.40000,
,,,0.000008194720,  24.40000,
,,,0.000008194760,  24.40000,
,,,0.000008194800,  24.40000,
,,,0.000008194840,  24.40000,
,,,0.000008194880,  24.40000,
,,,0.000008194920,  24.40000,
,,,0.000008194960,  24.40000,
,,,0.000008195000,  24.40000,
,,,0.000008195040,  24.40000,
,,,0.000008195080,  24.40000,
,,,0.000008195120,  24.40000,
,,,0.000008195160,  24.40000,
,,,0.000008195200,  24.40000,
,,,0.000008195240,  24.40000,
,,,0.000008195280,  24.40000,
,,,0.000008195320,  24.40000,
,,,0.000008195360,  24.40000,
,,,0.000008195400,  24.40000,
,,,0.000008195440,  24.40000,
,,,0.000008195480,  24.80000,
,,,0.000008195520,  24.80000,
,,,0.000008195560,  24.80000,
,,,0.000008195600,  24.80000,
,,,0.000008195640,  24.80000,
,,,0.000008195680,  24.80000,
,,,0.000008195720,  24.80000,
,,,0.000008195760,  24.80000,
,,,0.000008195800,  24.80000,
,,,0.000008195840,  24.80000,
,,,0.000008195880,  24.80000,
,,,0.000008195920,  24.80000,
,,,0.000008195960,  24.80000,
,,,0.000008196000,  24.80000,
,,,0.000008196040,  24.80000,
,,,0.000008196080,  24.80000,
,,,0.000008196120,  24.80000,
,,,0.000008196160,  24.80000,
,,,0.000008196200,  24.80000,
,,,0.000008196240,  24.80000,
,,,0.000008196280,  24.80000,
,,,0.000008196320,  24.80000,
,,,0.000008196360,  24.80000,
,,,0.000008196400,  24.80000,
,,,0.000008196440,  24.80000,
,,,0.000008196480,  24.80000,
,,,0.000008196520,  24.80000,
,,,0.000008196560,  24.80000,
,,,0.000008196600,  24.80000,
,,,0.000008196640,  24.80000,
,,,0.000008196680,  24.80000,
,,,0.000008196720,  24.80000,
,,,0.000008196760,  24.80000,
,,,0.000008196800,  24.80000,
,,,0.000008196840,  24.80000,
,,,0.000008196880,  24.80000,
,,,0.000008196920,  24.80000,
,,,0.000008196960,  24.80000,
,,,0.000008197000,  24.80000,
,,,0.000008197040,  24.80000,
,,,0.000008197080,  24.80000,
,,,0.000008197120,  24.80000,
,,,0.000008197160,  24.80000,
,,,0.000008197200,  24.80000,
,,,0.000008197240,  24.80000,
,,,0.000008197280,  24.80000,
,,,0.000008197320,  24.80000,
,,,0.000008197360,  24.80000,
,,,0.000008197400,  24.80000,
,,,0.000008197440,  24.80000,
,,,0.000008197480,  24.80000,
,,,0.000008197520,  24.80000,
,,,0.000008197560,  24.80000,
,,,0.000008197600,  24.40000,
,,,0.000008197640,  24.40000,
,,,0.000008197680,  24.40000,
,,,0.000008197720,  24.40000,
,,,0.000008197760,  24.40000,
,,,0.000008197800,  24.40000,
,,,0.000008197840,  24.00000,
,,,0.000008197880,  24.00000,
,,,0.000008197920,  24.00000,
,,,0.000008197960,  24.00000,
,,,0.000008198000,  24.00000,
,,,0.000008198040,  24.00000,
,,,0.000008198080,  24.00000,
,,,0.000008198120,  23.60000,
,,,0.000008198160,  23.60000,
,,,0.000008198200,  23.60000,
,,,0.000008198240,  23.60000,
,,,0.000008198280,  23.60000,
,,,0.000008198320,  23.60000,
,,,0.000008198360,  23.60000,
,,,0.000008198400,  23.60000,
,,,0.000008198440,  23.60000,
,,,0.000008198480,  23.60000,
,,,0.000008198520,  23.60000,
,,,0.000008198560,  23.60000,
,,,0.000008198600,  23.60000,
,,,0.000008198640,  23.60000,
,,,0.000008198680,  23.60000,
,,,0.000008198720,  23.60000,
,,,0.000008198760,  23.60000,
,,,0.000008198800,  23.60000,
,,,0.000008198840,  23.60000,
,,,0.000008198880,  23.60000,
,,,0.000008198920,  23.60000,
,,,0.000008198960,  23.60000,
,,,0.000008199000,  23.60000,
,,,0.000008199040,  23.60000,
,,,0.000008199080,  23.60000,
,,,0.000008199120,  23.20000,
,,,0.000008199160,  23.20000,
,,,0.000008199200,  23.20000,
,,,0.000008199240,  23.20000,
,,,0.000008199280,  23.20000,
,,,0.000008199320,  23.20000,
,,,0.000008199360,  22.80000,
,,,0.000008199400,  22.80000,
,,,0.000008199440,  22.80000,
,,,0.000008199480,  22.80000,
,,,0.000008199520,  22.80000,
,,,0.000008199560,  22.80000,
,,,0.000008199600,  22.80000,
,,,0.000008199640,  22.40000,
,,,0.000008199680,  22.40000,
,,,0.000008199720,  22.40000,
,,,0.000008199760,  22.40000,
,,,0.000008199800,  22.40000,
,,,0.000008199840,  22.40000,
,,,0.000008199880,  22.40000,
,,,0.000008199920,  22.40000,
,,,0.000008199960,  22.40000,
,,,0.000008200000,  22.40000,
,,,0.000008200040,  22.40000,
,,,0.000008200080,  22.00000,
,,,0.000008200120,  22.00000,
,,,0.000008200160,  22.00000,
,,,0.000008200200,  22.00000,
,,,0.000008200240,  21.60000,
,,,0.000008200280,  21.60000,
,,,0.000008200320,  21.60000,
,,,0.000008200360,  21.60000,
,,,0.000008200400,  21.20000,
,,,0.000008200440,  21.20000,
,,,0.000008200480,  21.20000,
,,,0.000008200520,  21.20000,
,,,0.000008200560,  21.20000,
,,,0.000008200600,  20.80000,
,,,0.000008200640,  20.80000,
,,,0.000008200680,  20.80000,
,,,0.000008200720,  20.80000,
,,,0.000008200760,  20.80000,
,,,0.000008200800,  20.80000,
,,,0.000008200840,  20.80000,
,,,0.000008200880,  20.80000,
,,,0.000008200920,  20.80000,
,,,0.000008200960,  20.80000,
,,,0.000008201000,  20.80000,
,,,0.000008201040,  20.80000,
,,,0.000008201080,  20.80000,
,,,0.000008201120,  20.80000,
,,,0.000008201160,  20.80000,
,,,0.000008201200,  20.80000,
,,,0.000008201240,  20.80000,
,,,0.000008201280,  20.80000,
,,,0.000008201320,  20.80000,
,,,0.000008201360,  20.80000,
,,,0.000008201400,  20.80000,
,,,0.000008201440,  20.80000,
,,,0.000008201480,  20.80000,
,,,0.000008201520,  20.80000,
,,,0.000008201560,  20.80000,
,,,0.000008201600,  20.80000,
,,,0.000008201640,  20.40000,
,,,0.000008201680,  20.40000,
,,,0.000008201720,  20.40000,
,,,0.000008201760,  20.40000,
,,,0.000008201800,  20.40000,
,,,0.000008201840,  20.40000,
,,,0.000008201880,  20.40000,
,,,0.000008201920,  20.40000,
,,,0.000008201960,  20.40000,
,,,0.000008202000,  20.40000,
,,,0.000008202040,  20.40000,
,,,0.000008202080,  20.40000,
,,,0.000008202120,  20.40000,
,,,0.000008202160,  20.40000,
,,,0.000008202200,  20.40000,
,,,0.000008202240,  20.40000,
,,,0.000008202280,  20.40000,
,,,0.000008202320,  20.40000,
,,,0.000008202360,  20.40000,
,,,0.000008202400,  20.40000,
,,,0.000008202440,  20.40000,
,,,0.000008202480,  20.40000,
,,,0.000008202520,  20.40000,
,,,0.000008202560,  20.40000,
,,,0.000008202600,  20.00000,
,,,0.000008202640,  20.00000,
,,,0.000008202680,  20.00000,
,,,0.000008202720,  20.00000,
,,,0.000008202760,  20.00000,
,,,0.000008202800,  20.00000,
,,,0.000008202840,  20.00000,
,,,0.000008202880,  19.60000,
,,,0.000008202920,  19.60000,
,,,0.000008202960,  19.60000,
,,,0.000008203000,  19.60000,
,,,0.000008203040,  19.60000,
,,,0.000008203080,  19.20000,
,,,0.000008203120,  19.20000,
,,,0.000008203160,  19.20000,
,,,0.000008203200,  19.20000,
,,,0.000008203240,  19.20000,
,,,0.000008203280,  19.20000,
,,,0.000008203320,  19.20000,
,,,0.000008203360,  18.80000,
,,,0.000008203400,  18.80000,
,,,0.000008203440,  18.80000,
,,,0.000008203480,  18.80000,
,,,0.000008203520,  18.80000,
,,,0.000008203560,  18.80000,
,,,0.000008203600,  18.40000,
,,,0.000008203640,  18.40000,
,,,0.000008203680,  18.40000,
,,,0.000008203720,  18.40000,
,,,0.000008203760,  18.40000,
,,,0.000008203800,  18.40000,
,,,0.000008203840,  18.00000,
,,,0.000008203880,  18.00000,
,,,0.000008203920,  18.00000,
,,,0.000008203960,  18.00000,
,,,0.000008204000,  18.00000,
,,,0.000008204040,  18.00000,
,,,0.000008204080,  18.00000,
,,,0.000008204120,  17.60000,
,,,0.000008204160,  17.60000,
,,,0.000008204200,  17.60000,
,,,0.000008204240,  17.60000,
,,,0.000008204280,  17.60000,
,,,0.000008204320,  17.60000,
,,,0.000008204360,  17.60000,
,,,0.000008204400,  17.60000,
,,,0.000008204440,  17.60000,
,,,0.000008204480,  17.60000,
,,,0.000008204520,  17.60000,
,,,0.000008204560,  17.60000,
,,,0.000008204600,  17.20000,
,,,0.000008204640,  17.20000,
,,,0.000008204680,  17.20000,
,,,0.000008204720,  17.20000,
,,,0.000008204760,  17.20000,
,,,0.000008204800,  17.20000,
,,,0.000008204840,  16.80000,
,,,0.000008204880,  16.80000,
,,,0.000008204920,  16.80000,
,,,0.000008204960,  16.80000,
,,,0.000008205000,  16.80000,
,,,0.000008205040,  16.80000,
,,,0.000008205080,  16.80000,
,,,0.000008205120,  16.40000,
,,,0.000008205160,  16.40000,
,,,0.000008205200,  16.40000,
,,,0.000008205240,  16.40000,
,,,0.000008205280,  16.40000,
,,,0.000008205320,  16.40000,
,,,0.000008205360,  16.40000,
,,,0.000008205400,  16.40000,
,,,0.000008205440,  16.40000,
,,,0.000008205480,  16.40000,
,,,0.000008205520,  16.40000,
,,,0.000008205560,  16.40000,
,,,0.000008205600,  16.00000,
,,,0.000008205640,  16.00000,
,,,0.000008205680,  16.00000,
,,,0.000008205720,  16.00000,
,,,0.000008205760,  16.00000,
,,,0.000008205800,  16.00000,
,,,0.000008205840,  16.00000,
,,,0.000008205880,  16.00000,
,,,0.000008205920,  16.00000,
,,,0.000008205960,  16.00000,
,,,0.000008206000,  16.00000,
,,,0.000008206040,  16.00000,
,,,0.000008206080,  16.00000,
,,,0.000008206120,  16.00000,
,,,0.000008206160,  16.00000,
,,,0.000008206200,  16.00000,
,,,0.000008206240,  16.00000,
,,,0.000008206280,  16.00000,
,,,0.000008206320,  16.00000,
,,,0.000008206360,  16.00000,
,,,0.000008206400,  16.00000,
,,,0.000008206440,  16.00000,
,,,0.000008206480,  16.00000,
,,,0.000008206520,  16.00000,
,,,0.000008206560,  16.00000,
,,,0.000008206600,  15.60000,
,,,0.000008206640,  15.60000,
,,,0.000008206680,  15.60000,
,,,0.000008206720,  15.60000,
,,,0.000008206760,  15.60000,
,,,0.000008206800,  15.60000,
,,,0.000008206840,  15.20000,
,,,0.000008206880,  15.20000,
,,,0.000008206920,  15.20000,
,,,0.000008206960,  15.20000,
,,,0.000008207000,  15.20000,
,,,0.000008207040,  15.20000,
,,,0.000008207080,  15.20000,
,,,0.000008207120,  14.80000,
,,,0.000008207160,  14.80000,
,,,0.000008207200,  14.80000,
,,,0.000008207240,  14.80000,
,,,0.000008207280,  14.80000,
,,,0.000008207320,  14.80000,
,,,0.000008207360,  14.80000,
,,,0.000008207400,  14.80000,
,,,0.000008207440,  14.80000,
,,,0.000008207480,  14.80000,
,,,0.000008207520,  14.80000,
,,,0.000008207560,  14.80000,
,,,0.000008207600,  14.80000,
,,,0.000008207640,  14.80000,
,,,0.000008207680,  14.80000,
,,,0.000008207720,  14.80000,
,,,0.000008207760,  14.80000,
,,,0.000008207800,  14.80000,
,,,0.000008207840,  14.80000,
,,,0.000008207880,  14.80000,
,,,0.000008207920,  14.80000,
,,,0.000008207960,  14.80000,
,,,0.000008208000,  14.80000,
,,,0.000008208040,  14.80000,
,,,0.000008208080,  14.80000,
,,,0.000008208120,  14.40000,
,,,0.000008208160,  14.40000,
,,,0.000008208200,  14.40000,
,,,0.000008208240,  14.40000,
,,,0.000008208280,  14.40000,
,,,0.000008208320,  14.40000,
,,,0.000008208360,  14.40000,
,,,0.000008208400,  14.40000,
,,,0.000008208440,  14.40000,
,,,0.000008208480,  14.40000,
,,,0.000008208520,  14.40000,
,,,0.000008208560,  14.40000,
,,,0.000008208600,  14.40000,
,,,0.000008208640,  14.40000,
,,,0.000008208680,  14.40000,
,,,0.000008208720,  14.40000,
,,,0.000008208760,  14.40000,
,,,0.000008208800,  14.40000,
,,,0.000008208840,  14.40000,
,,,0.000008208880,  14.40000,
,,,0.000008208920,  14.40000,
,,,0.000008208960,  14.40000,
,,,0.000008209000,  14.40000,
,,,0.000008209040,  14.40000,
,,,0.000008209080,  14.40000,
,,,0.000008209120,  14.40000,
,,,0.000008209160,  14.00000,
,,,0.000008209200,  14.00000,
,,,0.000008209240,  14.00000,
,,,0.000008209280,  14.00000,
,,,0.000008209320,  14.00000,
,,,0.000008209360,  14.00000,
,,,0.000008209400,  14.00000,
,,,0.000008209440,  14.00000,
,,,0.000008209480,  14.00000,
,,,0.000008209520,  14.00000,
,,,0.000008209560,  14.00000,
,,,0.000008209600,  13.60000,
,,,0.000008209640,  13.60000,
,,,0.000008209680,  13.60000,
,,,0.000008209720,  13.60000,
,,,0.000008209760,  13.60000,
,,,0.000008209800,  13.20000,
,,,0.000008209840,  13.20000,
,,,0.000008209880,  13.20000,
,,,0.000008209920,  13.20000,
,,,0.000008209960,  13.20000,
,,,0.000008210000,  13.20000,
,,,0.000008210040,  13.20000,
,,,0.000008210080,  13.20000,
,,,0.000008210120,  13.20000,
,,,0.000008210160,  13.20000,
,,,0.000008210200,  13.20000,
,,,0.000008210240,  13.20000,
,,,0.000008210280,  13.20000,
,,,0.000008210320,  13.20000,
,,,0.000008210360,  13.20000,
,,,0.000008210400,  13.20000,
,,,0.000008210440,  13.20000,
,,,0.000008210480,  13.60000,
,,,0.000008210520,  13.60000,
,,,0.000008210560,  13.60000,
,,,0.000008210600,  13.60000,
,,,0.000008210640,  13.20000,
,,,0.000008210680,  13.20000,
,,,0.000008210720,  13.20000,
,,,0.000008210760,  13.20000,
,,,0.000008210800,  13.20000,
,,,0.000008210840,  13.20000,
,,,0.000008210880,  13.20000,
,,,0.000008210920,  13.20000,
,,,0.000008210960,  13.20000,
,,,0.000008211000,  13.20000,
,,,0.000008211040,  13.20000,
,,,0.000008211080,  13.20000,
,,,0.000008211120,  13.20000,
,,,0.000008211160,  13.20000,
,,,0.000008211200,  13.20000,
,,,0.000008211240,  12.80000,
,,,0.000008211280,  12.80000,
,,,0.000008211320,  12.80000,
,,,0.000008211360,  12.80000,
,,,0.000008211400,  13.20000,
,,,0.000008211440,  13.20000,
,,,0.000008211480,  13.20000,
,,,0.000008211520,  13.20000,
,,,0.000008211560,  13.20000,
,,,0.000008211600,  13.20000,
,,,0.000008211640,  13.20000,
,,,0.000008211680,  13.20000,
,,,0.000008211720,  13.20000,
,,,0.000008211760,  13.20000,
,,,0.000008211800,  13.20000,
,,,0.000008211840,  13.20000,
,,,0.000008211880,  13.20000,
,,,0.000008211920,  13.20000,
,,,0.000008211960,  13.20000,
,,,0.000008212000,  13.60000,
,,,0.000008212040,  13.60000,
,,,0.000008212080,  13.60000,
,,,0.000008212120,  13.60000,
,,,0.000008212160,  13.60000,
,,,0.000008212200,  13.60000,
,,,0.000008212240,  13.60000,
,,,0.000008212280,  13.60000,
,,,0.000008212320,  13.60000,
,,,0.000008212360,  13.60000,
,,,0.000008212400,  13.60000,
,,,0.000008212440,  13.60000,
,,,0.000008212480,  14.00000,
,,,0.000008212520,  14.00000,
,,,0.000008212560,  14.00000,
,,,0.000008212600,  14.00000,
,,,0.000008212640,  14.00000,
,,,0.000008212680,  14.00000,
,,,0.000008212720,  14.00000,
,,,0.000008212760,  14.00000,
,,,0.000008212800,  14.00000,
,,,0.000008212840,  14.00000,
,,,0.000008212880,  14.00000,
,,,0.000008212920,  14.00000,
,,,0.000008212960,  14.00000,
,,,0.000008213000,  14.00000,
,,,0.000008213040,  14.00000,
,,,0.000008213080,  14.00000,
,,,0.000008213120,  14.00000,
,,,0.000008213160,  14.00000,
,,,0.000008213200,  14.00000,
,,,0.000008213240,  14.00000,
,,,0.000008213280,  14.00000,
,,,0.000008213320,  14.00000,
,,,0.000008213360,  14.00000,
,,,0.000008213400,  14.00000,
,,,0.000008213440,  14.00000,
,,,0.000008213480,  14.00000,
,,,0.000008213520,  14.40000,
,,,0.000008213560,  14.40000,
,,,0.000008213600,  14.40000,
,,,0.000008213640,  14.40000,
,,,0.000008213680,  14.40000,
,,,0.000008213720,  14.40000,
,,,0.000008213760,  14.40000,
,,,0.000008213800,  14.40000,
,,,0.000008213840,  14.40000,
,,,0.000008213880,  14.40000,
,,,0.000008213920,  14.40000,
,,,0.000008213960,  14.80000,
,,,0.000008214000,  14.80000,
,,,0.000008214040,  14.80000,
,,,0.000008214080,  14.80000,
,,,0.000008214120,  14.80000,
,,,0.000008214160,  14.80000,
,,,0.000008214200,  14.80000,
,,,0.000008214240,  14.80000,
,,,0.000008214280,  14.80000,
,,,0.000008214320,  14.80000,
,,,0.000008214360,  14.80000,
,,,0.000008214400,  14.80000,
,,,0.000008214440,  14.80000,
,,,0.000008214480,  14.80000,
,,,0.000008214520,  14.80000,
,,,0.000008214560,  14.80000,
,,,0.000008214600,  14.80000,
,,,0.000008214640,  14.80000,
,,,0.000008214680,  14.80000,
,,,0.000008214720,  14.80000,
,,,0.000008214760,  14.80000,
,,,0.000008214800,  14.80000,
,,,0.000008214840,  14.80000,
,,,0.000008214880,  14.80000,
,,,0.000008214920,  14.80000,
,,,0.000008214960,  14.80000,
,,,0.000008215000,  15.20000,
,,,0.000008215040,  15.20000,
,,,0.000008215080,  15.20000,
,,,0.000008215120,  15.20000,
,,,0.000008215160,  15.20000,
,,,0.000008215200,  15.20000,
,,,0.000008215240,  15.60000,
,,,0.000008215280,  15.60000,
,,,0.000008215320,  15.60000,
,,,0.000008215360,  15.60000,
,,,0.000008215400,  15.60000,
,,,0.000008215440,  15.60000,
,,,0.000008215480,  15.60000,
,,,0.000008215520,  16.00000,
,,,0.000008215560,  16.00000,
,,,0.000008215600,  16.00000,
,,,0.000008215640,  16.00000,
,,,0.000008215680,  15.60000,
,,,0.000008215720,  15.60000,
,,,0.000008215760,  15.60000,
,,,0.000008215800,  15.60000,
,,,0.000008215840,  15.60000,
,,,0.000008215880,  15.60000,
,,,0.000008215920,  15.60000,
,,,0.000008215960,  15.60000,
,,,0.000008216000,  15.60000,
,,,0.000008216040,  15.60000,
,,,0.000008216080,  15.60000,
,,,0.000008216120,  15.60000,
,,,0.000008216160,  15.60000,
,,,0.000008216200,  15.60000,
,,,0.000008216240,  15.20000,
,,,0.000008216280,  15.20000,
,,,0.000008216320,  15.20000,
,,,0.000008216360,  15.20000,
,,,0.000008216400,  15.60000,
,,,0.000008216440,  15.60000,
,,,0.000008216480,  15.60000,
,,,0.000008216520,  15.60000,
,,,0.000008216560,  15.60000,
,,,0.000008216600,  15.60000,
,,,0.000008216640,  15.60000,
,,,0.000008216680,  15.60000,
,,,0.000008216720,  15.60000,
,,,0.000008216760,  15.60000,
,,,0.000008216800,  15.60000,
,,,0.000008216840,  15.60000,
,,,0.000008216880,  15.60000,
,,,0.000008216920,  15.60000,
,,,0.000008216960,  15.60000,
,,,0.000008217000,  16.00000,
,,,0.000008217040,  16.00000,
,,,0.000008217080,  16.00000,
,,,0.000008217120,  16.00000,
,,,0.000008217160,  16.00000,
,,,0.000008217200,  16.00000,
,,,0.000008217240,  16.00000,
,,,0.000008217280,  16.00000,
,,,0.000008217320,  16.00000,
,,,0.000008217360,  16.00000,
,,,0.000008217400,  16.00000,
,,,0.000008217440,  16.00000,
,,,0.000008217480,  16.40000,
,,,0.000008217520,  16.40000,
,,,0.000008217560,  16.40000,
,,,0.000008217600,  16.40000,
,,,0.000008217640,  16.40000,
,,,0.000008217680,  16.40000,
,,,0.000008217720,  16.40000,
,,,0.000008217760,  16.40000,
,,,0.000008217800,  16.40000,
,,,0.000008217840,  16.40000,
,,,0.000008217880,  16.40000,
,,,0.000008217920,  16.40000,
,,,0.000008217960,  16.40000,
,,,0.000008218000,  16.40000,
,,,0.000008218040,  16.40000,
,,,0.000008218080,  16.40000,
,,,0.000008218120,  16.40000,
,,,0.000008218160,  16.40000,
,,,0.000008218200,  16.40000,
,,,0.000008218240,  16.40000,
,,,0.000008218280,  16.40000,
,,,0.000008218320,  16.40000,
,,,0.000008218360,  16.40000,
,,,0.000008218400,  16.40000,
,,,0.000008218440,  16.40000,
,,,0.000008218480,  16.40000,
,,,0.000008218520,  16.40000,
,,,0.000008218560,  16.40000,
,,,0.000008218600,  16.40000,
,,,0.000008218640,  16.40000,
,,,0.000008218680,  16.40000,
,,,0.000008218720,  16.40000,
,,,0.000008218760,  16.40000,
,,,0.000008218800,  16.40000,
,,,0.000008218840,  16.40000,
,,,0.000008218880,  16.40000,
,,,0.000008218920,  16.40000,
,,,0.000008218960,  16.40000,
,,,0.000008219000,  16.40000,
,,,0.000008219040,  16.40000,
,,,0.000008219080,  16.40000,
,,,0.000008219120,  16.40000,
,,,0.000008219160,  16.40000,
,,,0.000008219200,  16.40000,
,,,0.000008219240,  16.40000,
,,,0.000008219280,  16.40000,
,,,0.000008219320,  16.40000,
,,,0.000008219360,  16.40000,
,,,0.000008219400,  16.40000,
,,,0.000008219440,  16.40000,
,,,0.000008219480,  16.40000,
,,,0.000008219520,  16.40000,
,,,0.000008219560,  16.40000,
,,,0.000008219600,  16.40000,
,,,0.000008219640,  16.00000,
,,,0.000008219680,  16.00000,
,,,0.000008219720,  16.00000,
,,,0.000008219760,  16.00000,
,,,0.000008219800,  16.00000,
,,,0.000008219840,  16.00000,
,,,0.000008219880,  16.00000,
,,,0.000008219920,  16.00000,
,,,0.000008219960,  16.00000,
,,,0.000008220000,  16.00000,
,,,0.000008220040,  16.00000,
,,,0.000008220080,  16.00000,
,,,0.000008220120,  16.00000,
,,,0.000008220160,  16.00000,
,,,0.000008220200,  16.00000,
,,,0.000008220240,  16.00000,
,,,0.000008220280,  16.00000,
,,,0.000008220320,  16.00000,
,,,0.000008220360,  16.00000,
,,,0.000008220400,  16.00000,
,,,0.000008220440,  16.00000,
,,,0.000008220480,  16.00000,
,,,0.000008220520,  16.00000,
,,,0.000008220560,  16.00000,
,,,0.000008220600,  16.00000,
,,,0.000008220640,  16.00000,
,,,0.000008220680,  16.00000,
,,,0.000008220720,  16.00000,
,,,0.000008220760,  16.00000,
,,,0.000008220800,  16.00000,
,,,0.000008220840,  16.00000,
,,,0.000008220880,  16.00000,
,,,0.000008220920,  16.00000,
,,,0.000008220960,  16.00000,
,,,0.000008221000,  16.00000,
,,,0.000008221040,  16.00000,
,,,0.000008221080,  16.00000,
,,,0.000008221120,  16.00000,
,,,0.000008221160,  16.00000,
,,,0.000008221200,  16.00000,
,,,0.000008221240,  16.00000,
,,,0.000008221280,  16.00000,
,,,0.000008221320,  16.00000,
,,,0.000008221360,  16.00000,
,,,0.000008221400,  16.00000,
,,,0.000008221440,  16.00000,
,,,0.000008221480,  16.00000,
,,,0.000008221520,  16.00000,
,,,0.000008221560,  16.00000,
,,,0.000008221600,  16.00000,
,,,0.000008221640,  16.00000,
,,,0.000008221680,  16.00000,
,,,0.000008221720,  16.00000,
,,,0.000008221760,  16.00000,
,,,0.000008221800,  16.00000,
,,,0.000008221840,  16.00000,
,,,0.000008221880,  16.00000,
,,,0.000008221920,  16.00000,
,,,0.000008221960,  16.00000,
,,,0.000008222000,  16.00000,
,,,0.000008222040,  16.00000,
,,,0.000008222080,  16.00000,
,,,0.000008222120,  16.00000,
,,,0.000008222160,  16.00000,
,,,0.000008222200,  16.00000,
,,,0.000008222240,  16.00000,
,,,0.000008222280,  16.00000,
,,,0.000008222320,  16.00000,
,,,0.000008222360,  16.00000,
,,,0.000008222400,  16.00000,
,,,0.000008222440,  16.00000,
,,,0.000008222480,  16.00000,
,,,0.000008222520,  16.00000,
,,,0.000008222560,  16.00000,
,,,0.000008222600,  16.00000,
,,,0.000008222640,  16.00000,
,,,0.000008222680,  16.00000,
,,,0.000008222720,  16.00000,
,,,0.000008222760,  16.00000,
,,,0.000008222800,  16.00000,
,,,0.000008222840,  16.00000,
,,,0.000008222880,  16.00000,
,,,0.000008222920,  16.00000,
,,,0.000008222960,  16.00000,
,,,0.000008223000,  16.00000,
,,,0.000008223040,  16.00000,
,,,0.000008223080,  16.00000,
,,,0.000008223120,  16.00000,
,,,0.000008223160,  16.00000,
,,,0.000008223200,  16.00000,
,,,0.000008223240,  16.00000,
,,,0.000008223280,  16.00000,
,,,0.000008223320,  16.00000,
,,,0.000008223360,  16.00000,
,,,0.000008223400,  16.00000,
,,,0.000008223440,  16.00000,
,,,0.000008223480,  16.00000,
,,,0.000008223520,  16.00000,
,,,0.000008223560,  16.00000,
,,,0.000008223600,  16.00000,
,,,0.000008223640,  16.00000,
,,,0.000008223680,  16.00000,
,,,0.000008223720,  16.00000,
,,,0.000008223760,  16.00000,
,,,0.000008223800,  16.00000,
,,,0.000008223840,  16.00000,
,,,0.000008223880,  16.00000,
,,,0.000008223920,  16.00000,
,,,0.000008223960,  16.00000,
,,,0.000008224000,  16.00000,
,,,0.000008224040,  16.00000,
,,,0.000008224080,  16.00000,
,,,0.000008224120,  15.60000,
,,,0.000008224160,  15.60000,
,,,0.000008224200,  15.60000,
,,,0.000008224240,  15.60000,
,,,0.000008224280,  15.60000,
,,,0.000008224320,  15.60000,
,,,0.000008224360,  15.60000,
,,,0.000008224400,  15.60000,
,,,0.000008224440,  15.60000,
,,,0.000008224480,  15.60000,
,,,0.000008224520,  15.60000,
,,,0.000008224560,  15.60000,
,,,0.000008224600,  15.60000,
,,,0.000008224640,  15.60000,
,,,0.000008224680,  15.60000,
,,,0.000008224720,  15.60000,
,,,0.000008224760,  15.60000,
,,,0.000008224800,  15.60000,
,,,0.000008224840,  15.60000,
,,,0.000008224880,  15.60000,
,,,0.000008224920,  15.60000,
,,,0.000008224960,  15.60000,
,,,0.000008225000,  16.00000,
,,,0.000008225040,  16.00000,
,,,0.000008225080,  16.00000,
,,,0.000008225120,  16.00000,
,,,0.000008225160,  16.00000,
,,,0.000008225200,  16.00000,
,,,0.000008225240,  16.00000,
,,,0.000008225280,  16.00000,
,,,0.000008225320,  16.00000,
,,,0.000008225360,  16.00000,
,,,0.000008225400,  16.00000,
,,,0.000008225440,  16.00000,
,,,0.000008225480,  16.00000,
,,,0.000008225520,  16.00000,
,,,0.000008225560,  16.00000,
,,,0.000008225600,  16.00000,
,,,0.000008225640,  15.60000,
,,,0.000008225680,  15.60000,
,,,0.000008225720,  15.60000,
,,,0.000008225760,  15.60000,
,,,0.000008225800,  15.60000,
,,,0.000008225840,  15.60000,
,,,0.000008225880,  15.60000,
,,,0.000008225920,  15.60000,
,,,0.000008225960,  15.60000,
,,,0.000008226000,  15.60000,
,,,0.000008226040,  15.60000,
,,,0.000008226080,  15.60000,
,,,0.000008226120,  15.60000,
,,,0.000008226160,  15.60000,
,,,0.000008226200,  15.60000,
,,,0.000008226240,  15.60000,
,,,0.000008226280,  15.60000,
,,,0.000008226320,  15.60000,
,,,0.000008226360,  15.60000,
,,,0.000008226400,  15.60000,
,,,0.000008226440,  15.60000,
,,,0.000008226480,  15.60000,
,,,0.000008226520,  15.60000,
,,,0.000008226560,  15.60000,
,,,0.000008226600,  15.60000,
,,,0.000008226640,  15.60000,
,,,0.000008226680,  15.60000,
,,,0.000008226720,  15.60000,
,,,0.000008226760,  15.60000,
,,,0.000008226800,  15.60000,
,,,0.000008226840,  15.60000,
,,,0.000008226880,  15.60000,
,,,0.000008226920,  15.60000,
,,,0.000008226960,  15.60000,
,,,0.000008227000,  15.60000,
,,,0.000008227040,  15.60000,
,,,0.000008227080,  15.60000,
,,,0.000008227120,  15.60000,
,,,0.000008227160,  15.60000,
,,,0.000008227200,  15.60000,
,,,0.000008227240,  15.60000,
,,,0.000008227280,  15.60000,
,,,0.000008227320,  15.60000,
,,,0.000008227360,  15.60000,
,,,0.000008227400,  15.60000,
,,,0.000008227440,  15.60000,
,,,0.000008227480,  15.60000,
,,,0.000008227520,  15.60000,
,,,0.000008227560,  15.60000,
,,,0.000008227600,  15.60000,
,,,0.000008227640,  15.60000,
,,,0.000008227680,  15.60000,
,,,0.000008227720,  15.60000,
,,,0.000008227760,  15.60000,
,,,0.000008227800,  15.60000,
,,,0.000008227840,  15.60000,
,,,0.000008227880,  15.60000,
,,,0.000008227920,  15.60000,
,,,0.000008227960,  16.00000,
,,,0.000008228000,  16.00000,
,,,0.000008228040,  16.00000,
,,,0.000008228080,  16.00000,
,,,0.000008228120,  16.00000,
,,,0.000008228160,  15.60000,
,,,0.000008228200,  15.60000,
,,,0.000008228240,  15.60000,
,,,0.000008228280,  15.60000,
,,,0.000008228320,  15.60000,
,,,0.000008228360,  15.60000,
,,,0.000008228400,  15.60000,
,,,0.000008228440,  15.60000,
,,,0.000008228480,  15.60000,
,,,0.000008228520,  15.60000,
,,,0.000008228560,  15.60000,
,,,0.000008228600,  15.60000,
,,,0.000008228640,  15.20000,
,,,0.000008228680,  15.20000,
,,,0.000008228720,  15.20000,
,,,0.000008228760,  15.20000,
,,,0.000008228800,  15.20000,
,,,0.000008228840,  15.20000,
,,,0.000008228880,  15.20000,
,,,0.000008228920,  15.20000,
,,,0.000008228960,  15.60000,
,,,0.000008229000,  15.60000,
,,,0.000008229040,  15.60000,
,,,0.000008229080,  15.60000,
,,,0.000008229120,  15.60000,
,,,0.000008229160,  15.60000,
,,,0.000008229200,  15.60000,
,,,0.000008229240,  15.60000,
,,,0.000008229280,  16.00000,
,,,0.000008229320,  16.00000,
,,,0.000008229360,  16.00000,
,,,0.000008229400,  16.00000,
,,,0.000008229440,  16.00000,
,,,0.000008229480,  16.00000,
,,,0.000008229520,  16.40000,
,,,0.000008229560,  16.40000,
,,,0.000008229600,  16.40000,
,,,0.000008229640,  16.40000,
,,,0.000008229680,  16.40000,
,,,0.000008229720,  16.00000,
,,,0.000008229760,  16.00000,
,,,0.000008229800,  16.00000,
,,,0.000008229840,  16.00000,
,,,0.000008229880,  16.00000,
,,,0.000008229920,  16.00000,
,,,0.000008229960,  16.00000,
,,,0.000008230000,  16.00000,
,,,0.000008230040,  16.00000,
,,,0.000008230080,  16.00000,
,,,0.000008230120,  15.60000,
,,,0.000008230160,  15.60000,
,,,0.000008230200,  15.60000,
,,,0.000008230240,  15.60000,
,,,0.000008230280,  15.60000,
,,,0.000008230320,  15.60000,
,,,0.000008230360,  15.60000,
,,,0.000008230400,  15.60000,
,,,0.000008230440,  15.60000,
,,,0.000008230480,  15.60000,
,,,0.000008230520,  15.60000,
,,,0.000008230560,  15.60000,
,,,0.000008230600,  15.60000,
,,,0.000008230640,  15.20000,
,,,0.000008230680,  15.20000,
,,,0.000008230720,  15.20000,
,,,0.000008230760,  15.20000,
,,,0.000008230800,  15.20000,
,,,0.000008230840,  15.20000,
,,,0.000008230880,  15.20000,
,,,0.000008230920,  15.20000,
,,,0.000008230960,  15.20000,
,,,0.000008231000,  15.20000,
,,,0.000008231040,  15.20000,
,,,0.000008231080,  15.20000,
,,,0.000008231120,  14.80000,
,,,0.000008231160,  14.80000,
,,,0.000008231200,  14.80000,
,,,0.000008231240,  14.80000,
,,,0.000008231280,  14.80000,
,,,0.000008231320,  14.80000,
,,,0.000008231360,  14.80000,
,,,0.000008231400,  14.80000,
,,,0.000008231440,  14.80000,
,,,0.000008231480,  14.80000,
,,,0.000008231520,  14.80000,
,,,0.000008231560,  14.80000,
,,,0.000008231600,  14.40000,
,,,0.000008231640,  14.40000,
,,,0.000008231680,  14.40000,
,,,0.000008231720,  14.40000,
,,,0.000008231760,  14.40000,
,,,0.000008231800,  14.40000,
,,,0.000008231840,  14.40000,
,,,0.000008231880,  14.40000,
,,,0.000008231920,  14.40000,
,,,0.000008231960,  14.40000,
,,,0.000008232000,  14.40000,
,,,0.000008232040,  14.40000,
,,,0.000008232080,  14.40000,
,,,0.000008232120,  14.40000,
,,,0.000008232160,  14.40000,
,,,0.000008232200,  14.40000,
,,,0.000008232240,  14.40000,
,,,0.000008232280,  14.40000,
,,,0.000008232320,  14.40000,
,,,0.000008232360,  14.40000,
,,,0.000008232400,  14.40000,
,,,0.000008232440,  14.40000,
,,,0.000008232480,  14.80000,
,,,0.000008232520,  14.80000,
,,,0.000008232560,  14.80000,
,,,0.000008232600,  14.80000,
,,,0.000008232640,  14.80000,
,,,0.000008232680,  14.80000,
,,,0.000008232720,  14.80000,
,,,0.000008232760,  14.80000,
,,,0.000008232800,  14.80000,
,,,0.000008232840,  14.80000,
,,,0.000008232880,  14.80000,
,,,0.000008232920,  14.80000,
,,,0.000008232960,  14.80000,
,,,0.000008233000,  14.80000,
,,,0.000008233040,  14.80000,
,,,0.000008233080,  14.80000,
,,,0.000008233120,  14.80000,
,,,0.000008233160,  14.80000,
,,,0.000008233200,  14.80000,
,,,0.000008233240,  14.80000,
,,,0.000008233280,  14.80000,
,,,0.000008233320,  14.80000,
,,,0.000008233360,  14.80000,
,,,0.000008233400,  14.80000,
,,,0.000008233440,  14.80000,
,,,0.000008233480,  14.80000,
,,,0.000008233520,  14.80000,
,,,0.000008233560,  14.80000,
,,,0.000008233600,  14.80000,
,,,0.000008233640,  14.40000,
,,,0.000008233680,  14.40000,
,,,0.000008233720,  14.40000,
,,,0.000008233760,  14.40000,
,,,0.000008233800,  14.40000,
,,,0.000008233840,  14.40000,
,,,0.000008233880,  14.40000,
,,,0.000008233920,  14.40000,
,,,0.000008233960,  14.40000,
,,,0.000008234000,  14.40000,
,,,0.000008234040,  14.40000,
,,,0.000008234080,  14.40000,
,,,0.000008234120,  14.00000,
,,,0.000008234160,  14.00000,
,,,0.000008234200,  14.00000,
,,,0.000008234240,  14.00000,
,,,0.000008234280,  14.00000,
,,,0.000008234320,  14.00000,
,,,0.000008234360,  14.00000,
,,,0.000008234400,  14.00000,
,,,0.000008234440,  14.00000,
,,,0.000008234480,  14.00000,
,,,0.000008234520,  14.00000,
,,,0.000008234560,  14.00000,
,,,0.000008234600,  13.60000,
,,,0.000008234640,  13.60000,
,,,0.000008234680,  13.60000,
,,,0.000008234720,  13.60000,
,,,0.000008234760,  13.60000,
,,,0.000008234800,  13.60000,
,,,0.000008234840,  13.60000,
,,,0.000008234880,  13.60000,
,,,0.000008234920,  13.60000,
,,,0.000008234960,  13.60000,
,,,0.000008235000,  13.60000,
,,,0.000008235040,  13.60000,
,,,0.000008235080,  13.60000,
,,,0.000008235120,  13.60000,
,,,0.000008235160,  13.60000,
,,,0.000008235200,  13.60000,
,,,0.000008235240,  13.60000,
,,,0.000008235280,  13.60000,
,,,0.000008235320,  13.60000,
,,,0.000008235360,  13.60000,
,,,0.000008235400,  13.60000,
,,,0.000008235440,  13.60000,
,,,0.000008235480,  13.60000,
,,,0.000008235520,  13.60000,
,,,0.000008235560,  13.60000,
,,,0.000008235600,  13.20000,
,,,0.000008235640,  13.20000,
,,,0.000008235680,  13.20000,
,,,0.000008235720,  13.20000,
,,,0.000008235760,  13.20000,
,,,0.000008235800,  13.20000,
,,,0.000008235840,  12.80000,
,,,0.000008235880,  12.80000,
,,,0.000008235920,  12.80000,
,,,0.000008235960,  12.80000,
,,,0.000008236000,  12.80000,
,,,0.000008236040,  12.80000,
,,,0.000008236080,  12.80000,
,,,0.000008236120,  12.40000,
,,,0.000008236160,  12.40000,
,,,0.000008236200,  12.40000,
,,,0.000008236240,  12.40000,
,,,0.000008236280,  12.40000,
,,,0.000008236320,  12.40000,
,,,0.000008236360,  12.40000,
,,,0.000008236400,  12.40000,
,,,0.000008236440,  12.40000,
,,,0.000008236480,  12.40000,
,,,0.000008236520,  12.40000,
,,,0.000008236560,  12.40000,
,,,0.000008236600,  12.40000,
,,,0.000008236640,  12.40000,
,,,0.000008236680,  12.40000,
,,,0.000008236720,  12.40000,
,,,0.000008236760,  12.40000,
,,,0.000008236800,  12.40000,
,,,0.000008236840,  12.40000,
,,,0.000008236880,  12.40000,
,,,0.000008236920,  12.40000,
,,,0.000008236960,  12.40000,
,,,0.000008237000,  12.40000,
,,,0.000008237040,  12.40000,
,,,0.000008237080,  12.40000,
,,,0.000008237120,  12.00000,
,,,0.000008237160,  12.00000,
,,,0.000008237200,  12.00000,
,,,0.000008237240,  12.00000,
,,,0.000008237280,  12.00000,
,,,0.000008237320,  12.00000,
,,,0.000008237360,  11.60000,
,,,0.000008237400,  11.60000,
,,,0.000008237440,  11.60000,
,,,0.000008237480,  11.60000,
,,,0.000008237520,  11.60000,
,,,0.000008237560,  11.60000,
,,,0.000008237600,  11.20000,
,,,0.000008237640,  11.20000,
,,,0.000008237680,  11.20000,
,,,0.000008237720,  11.20000,
,,,0.000008237760,  11.20000,
,,,0.000008237800,  11.20000,
,,,0.000008237840,  11.20000,
,,,0.000008237880,  11.20000,
,,,0.000008237920,  11.20000,
,,,0.000008237960,  11.20000,
,,,0.000008238000,  11.20000,
,,,0.000008238040,  11.20000,
,,,0.000008238080,  11.20000,
,,,0.000008238120,  10.80000,
,,,0.000008238160,  10.80000,
,,,0.000008238200,  10.80000,
,,,0.000008238240,  10.80000,
,,,0.000008238280,  10.80000,
,,,0.000008238320,  10.80000,
,,,0.000008238360,  10.40000,
,,,0.000008238400,  10.40000,
,,,0.000008238440,  10.40000,
,,,0.000008238480,  10.40000,
,,,0.000008238520,  10.40000,
,,,0.000008238560,  10.40000,
,,,0.000008238600,  10.00000,
,,,0.000008238640,  10.00000,
,,,0.000008238680,  10.00000,
,,,0.000008238720,  10.00000,
,,,0.000008238760,   9.60000,
,,,0.000008238800,   9.60000,
,,,0.000008238840,   9.60000,
,,,0.000008238880,   9.60000,
,,,0.000008238920,   9.20000,
,,,0.000008238960,   9.20000,
,,,0.000008239000,   9.20000,
,,,0.000008239040,   9.20000,
,,,0.000008239080,   8.80000,
,,,0.000008239120,   8.80000,
,,,0.000008239160,   8.80000,
,,,0.000008239200,   8.80000,
,,,0.000008239240,   8.40000,
,,,0.000008239280,   8.40000,
,,,0.000008239320,   8.40000,
,,,0.000008239360,   8.40000,
,,,0.000008239400,   8.00000,
,,,0.000008239440,   8.00000,
,,,0.000008239480,   8.00000,
,,,0.000008239520,   8.00000,
,,,0.000008239560,   8.00000,
,,,0.000008239600,   7.60000,
,,,0.000008239640,   7.60000,
,,,0.000008239680,   7.60000,
,,,0.000008239720,   7.60000,
,,,0.000008239760,   7.60000,
,,,0.000008239800,   7.60000,
,,,0.000008239840,   7.60000,
,,,0.000008239880,   7.60000,
,,,0.000008239920,   7.60000,
,,,0.000008239960,   7.60000,
,,,0.000008240000,   7.60000,
,,,0.000008240040,   7.60000,
,,,0.000008240080,   7.60000,
,,,0.000008240120,   7.20000,
,,,0.000008240160,   7.20000,
,,,0.000008240200,   7.20000,
,,,0.000008240240,   7.20000,
,,,0.000008240280,   7.20000,
,,,0.000008240320,   7.20000,
,,,0.000008240360,   6.80000,
,,,0.000008240400,   6.80000,
,,,0.000008240440,   6.80000,
,,,0.000008240480,   6.80000,
,,,0.000008240520,   6.80000,
,,,0.000008240560,   6.80000,
,,,0.000008240600,   6.40000,
,,,0.000008240640,   6.40000,
,,,0.000008240680,   6.40000,
,,,0.000008240720,   6.00000,
,,,0.000008240760,   6.00000,
,,,0.000008240800,   6.00000,
,,,0.000008240840,   6.00000,
,,,0.000008240880,   6.00000,
,,,0.000008240920,   5.60000,
,,,0.000008240960,   5.60000,
,,,0.000008241000,   5.60000,
,,,0.000008241040,   5.60000,
,,,0.000008241080,   5.60000,
,,,0.000008241120,   5.20000,
,,,0.000008241160,   5.20000,
,,,0.000008241200,   5.20000,
,,,0.000008241240,   5.20000,
,,,0.000008241280,   5.20000,
,,,0.000008241320,   5.20000,
,,,0.000008241360,   5.20000,
,,,0.000008241400,   5.20000,
,,,0.000008241440,   5.20000,
,,,0.000008241480,   5.20000,
,,,0.000008241520,   5.20000,
,,,0.000008241560,   5.20000,
,,,0.000008241600,   4.80000,
,,,0.000008241640,   4.80000,
,,,0.000008241680,   4.80000,
,,,0.000008241720,   4.80000,
,,,0.000008241760,   4.80000,
,,,0.000008241800,   4.80000,
,,,0.000008241840,   4.40000,
,,,0.000008241880,   4.40000,
,,,0.000008241920,   4.40000,
,,,0.000008241960,   4.40000,
,,,0.000008242000,   4.40000,
,,,0.000008242040,   4.40000,
,,,0.000008242080,   4.40000,
,,,0.000008242120,   4.40000,
,,,0.000008242160,   4.40000,
,,,0.000008242200,   4.40000,
,,,0.000008242240,   4.40000,
,,,0.000008242280,   4.40000,
,,,0.000008242320,   4.40000,
,,,0.000008242360,   4.40000,
,,,0.000008242400,   4.40000,
,,,0.000008242440,   4.40000,
,,,0.000008242480,   4.40000,
,,,0.000008242520,   4.40000,
,,,0.000008242560,   4.40000,
,,,0.000008242600,   4.00000,
,,,0.000008242640,   4.00000,
,,,0.000008242680,   4.00000,
,,,0.000008242720,   4.00000,
,,,0.000008242760,   4.00000,
,,,0.000008242800,   4.00000,
,,,0.000008242840,   3.60000,
,,,0.000008242880,   3.60000,
,,,0.000008242920,   3.60000,
,,,0.000008242960,   3.60000,
,,,0.000008243000,   3.60000,
,,,0.000008243040,   3.60000,
,,,0.000008243080,   3.60000,
,,,0.000008243120,   3.60000,
,,,0.000008243160,   3.60000,
,,,0.000008243200,   3.60000,
,,,0.000008243240,   3.60000,
,,,0.000008243280,   3.60000,
,,,0.000008243320,   3.60000,
,,,0.000008243360,   3.60000,
,,,0.000008243400,   3.60000,
,,,0.000008243440,   3.60000,
,,,0.000008243480,   3.60000,
,,,0.000008243520,   3.60000,
,,,0.000008243560,   3.60000,
,,,0.000008243600,   3.60000,
,,,0.000008243640,   3.20000,
,,,0.000008243680,   3.20000,
,,,0.000008243720,   3.20000,
,,,0.000008243760,   3.20000,
,,,0.000008243800,   3.20000,
,,,0.000008243840,   3.20000,
,,,0.000008243880,   3.20000,
,,,0.000008243920,   3.20000,
,,,0.000008243960,   3.20000,
,,,0.000008244000,   3.20000,
,,,0.000008244040,   3.20000,
,,,0.000008244080,   3.20000,
,,,0.000008244120,   2.80000,
,,,0.000008244160,   2.80000,
,,,0.000008244200,   2.80000,
,,,0.000008244240,   2.80000,
,,,0.000008244280,   2.80000,
,,,0.000008244320,   2.80000,
,,,0.000008244360,   2.80000,
,,,0.000008244400,   2.80000,
,,,0.000008244440,   2.80000,
,,,0.000008244480,   2.80000,
,,,0.000008244520,   2.80000,
,,,0.000008244560,   2.80000,
,,,0.000008244600,   2.80000,
,,,0.000008244640,   2.80000,
,,,0.000008244680,   2.80000,
,,,0.000008244720,   2.40000,
,,,0.000008244760,   2.40000,
,,,0.000008244800,   2.40000,
,,,0.000008244840,   2.40000,
,,,0.000008244880,   2.80000,
,,,0.000008244920,   2.80000,
,,,0.000008244960,   2.80000,
,,,0.000008245000,   2.80000,
,,,0.000008245040,   2.80000,
,,,0.000008245080,   2.80000,
,,,0.000008245120,   2.80000,
,,,0.000008245160,   2.80000,
,,,0.000008245200,   2.80000,
,,,0.000008245240,   2.80000,
,,,0.000008245280,   2.80000,
,,,0.000008245320,   2.80000,
,,,0.000008245360,   2.80000,
,,,0.000008245400,   2.80000,
,,,0.000008245440,   2.80000,
,,,0.000008245480,   2.80000,
,,,0.000008245520,   3.20000,
,,,0.000008245560,   3.20000,
,,,0.000008245600,   3.20000,
,,,0.000008245640,   3.20000,
,,,0.000008245680,   3.20000,
,,,0.000008245720,   3.20000,
,,,0.000008245760,   3.20000,
,,,0.000008245800,   3.20000,
,,,0.000008245840,   3.20000,
,,,0.000008245880,   3.20000,
,,,0.000008245920,   3.20000,
,,,0.000008245960,   3.60000,
,,,0.000008246000,   3.60000,
,,,0.000008246040,   3.60000,
,,,0.000008246080,   3.60000,
,,,0.000008246120,   3.60000,
,,,0.000008246160,   3.60000,
,,,0.000008246200,   3.60000,
,,,0.000008246240,   3.60000,
,,,0.000008246280,   3.60000,
,,,0.000008246320,   3.60000,
,,,0.000008246360,   3.60000,
,,,0.000008246400,   3.60000,
,,,0.000008246440,   3.60000,
,,,0.000008246480,   3.60000,
,,,0.000008246520,   3.60000,
,,,0.000008246560,   3.60000,
,,,0.000008246600,   3.60000,
,,,0.000008246640,   3.60000,
,,,0.000008246680,   3.60000,
,,,0.000008246720,   3.60000,
,,,0.000008246760,   3.60000,
,,,0.000008246800,   4.00000,
,,,0.000008246840,   4.00000,
,,,0.000008246880,   4.00000,
,,,0.000008246920,   4.00000,
,,,0.000008246960,   4.00000,
,,,0.000008247000,   4.00000,
,,,0.000008247040,   4.40000,
,,,0.000008247080,   4.40000,
,,,0.000008247120,   4.40000,
,,,0.000008247160,   4.40000,
,,,0.000008247200,   4.40000,
,,,0.000008247240,   4.40000,
,,,0.000008247280,   4.40000,
,,,0.000008247320,   4.40000,
,,,0.000008247360,   4.40000,
,,,0.000008247400,   4.40000,
,,,0.000008247440,   4.40000,
,,,0.000008247480,   4.40000,
,,,0.000008247520,   4.40000,
,,,0.000008247560,   4.40000,
,,,0.000008247600,   4.40000,
,,,0.000008247640,   4.00000,
,,,0.000008247680,   4.00000,
,,,0.000008247720,   4.00000,
,,,0.000008247760,   4.00000,
,,,0.000008247800,   4.00000,
,,,0.000008247840,   4.00000,
,,,0.000008247880,   4.00000,
,,,0.000008247920,   4.00000,
,,,0.000008247960,   4.00000,
,,,0.000008248000,   4.00000,
,,,0.000008248040,   4.00000,
,,,0.000008248080,   4.00000,
,,,0.000008248120,   3.60000,
,,,0.000008248160,   3.60000,
,,,0.000008248200,   3.60000,
,,,0.000008248240,   3.60000,
,,,0.000008248280,   3.60000,
,,,0.000008248320,   3.60000,
,,,0.000008248360,   3.60000,
,,,0.000008248400,   3.60000,
,,,0.000008248440,   3.60000,
,,,0.000008248480,   3.60000,
,,,0.000008248520,   3.60000,
,,,0.000008248560,   3.60000,
,,,0.000008248600,   3.60000,
,,,0.000008248640,   3.60000,
,,,0.000008248680,   3.60000,
,,,0.000008248720,   3.20000,
,,,0.000008248760,   3.20000,
,,,0.000008248800,   3.20000,
,,,0.000008248840,   3.20000,
,,,0.000008248880,   3.60000,
,,,0.000008248920,   3.60000,
,,,0.000008248960,   3.60000,
,,,0.000008249000,   3.60000,
,,,0.000008249040,   3.60000,
,,,0.000008249080,   3.60000,
,,,0.000008249120,   3.60000,
,,,0.000008249160,   3.60000,
,,,0.000008249200,   3.60000,
,,,0.000008249240,   3.60000,
,,,0.000008249280,   3.60000,
,,,0.000008249320,   3.60000,
,,,0.000008249360,   3.60000,
,,,0.000008249400,   3.60000,
,,,0.000008249440,   3.60000,
,,,0.000008249480,   4.00000,
,,,0.000008249520,   4.00000,
,,,0.000008249560,   4.00000,
,,,0.000008249600,   4.00000,
,,,0.000008249640,   4.00000,
,,,0.000008249680,   3.60000,
,,,0.000008249720,   3.60000,
,,,0.000008249760,   3.60000,
,,,0.000008249800,   3.60000,
,,,0.000008249840,   3.60000,
,,,0.000008249880,   3.60000,
,,,0.000008249920,   3.60000,
,,,0.000008249960,   3.60000,
,,,0.000008250000,   3.60000,
,,,0.000008250040,   3.60000,
,,,0.000008250080,   3.60000,
,,,0.000008250120,   3.20000,
,,,0.000008250160,   3.20000,
,,,0.000008250200,   3.20000,
,,,0.000008250240,   3.20000,
,,,0.000008250280,   3.20000,
,,,0.000008250320,   3.20000,
,,,0.000008250360,   3.20000,
,,,0.000008250400,   3.20000,
,,,0.000008250440,   3.20000,
,,,0.000008250480,   3.20000,
,,,0.000008250520,   3.20000,
,,,0.000008250560,   3.20000,
,,,0.000008250600,   3.20000,
,,,0.000008250640,   3.20000,
,,,0.000008250680,   3.20000,
,,,0.000008250720,   3.20000,
,,,0.000008250760,   3.20000,
,,,0.000008250800,   3.20000,
,,,0.000008250840,   3.20000,
,,,0.000008250880,   3.20000,
,,,0.000008250920,   3.20000,
,,,0.000008250960,   3.60000,
,,,0.000008251000,   3.60000,
,,,0.000008251040,   3.60000,
,,,0.000008251080,   3.60000,
,,,0.000008251120,   3.60000,
,,,0.000008251160,   3.20000,
,,,0.000008251200,   3.20000,
,,,0.000008251240,   3.20000,
,,,0.000008251280,   3.20000,
,,,0.000008251320,   3.20000,
,,,0.000008251360,   3.20000,
,,,0.000008251400,   3.20000,
,,,0.000008251440,   3.20000,
,,,0.000008251480,   3.20000,
,,,0.000008251520,   3.20000,
,,,0.000008251560,   3.20000,
,,,0.000008251600,   3.20000,
,,,0.000008251640,   3.20000,
,,,0.000008251680,   3.20000,
,,,0.000008251720,   3.20000,
,,,0.000008251760,   3.20000,
,,,0.000008251800,   3.20000,
,,,0.000008251840,   3.20000,
,,,0.000008251880,   3.20000,
,,,0.000008251920,   3.20000,
,,,0.000008251960,   3.20000,
,,,0.000008252000,   3.20000,
,,,0.000008252040,   3.20000,
,,,0.000008252080,   3.20000,
,,,0.000008252120,   2.80000,
,,,0.000008252160,   2.80000,
,,,0.000008252200,   2.80000,
,,,0.000008252240,   2.80000,
,,,0.000008252280,   2.80000,
,,,0.000008252320,   2.80000,
,,,0.000008252360,   2.80000,
,,,0.000008252400,   2.80000,
,,,0.000008252440,   2.80000,
,,,0.000008252480,   2.80000,
,,,0.000008252520,   2.80000,
,,,0.000008252560,   2.80000,
,,,0.000008252600,   2.80000,
,,,0.000008252640,   2.80000,
,,,0.000008252680,   2.80000,
,,,0.000008252720,   2.80000,
,,,0.000008252760,   2.80000,
,,,0.000008252800,   2.80000,
,,,0.000008252840,   2.80000,
,,,0.000008252880,   2.80000,
,,,0.000008252920,   2.80000,
,,,0.000008252960,   2.80000,
,,,0.000008253000,   2.80000,
,,,0.000008253040,   2.80000,
,,,0.000008253080,   2.80000,
,,,0.000008253120,   2.80000,
,,,0.000008253160,   2.80000,
,,,0.000008253200,   2.80000,
,,,0.000008253240,   2.80000,
,,,0.000008253280,   2.80000,
,,,0.000008253320,   2.80000,
,,,0.000008253360,   2.80000,
,,,0.000008253400,   2.80000,
,,,0.000008253440,   2.80000,
,,,0.000008253480,   2.80000,
,,,0.000008253520,   2.80000,
,,,0.000008253560,   2.80000,
,,,0.000008253600,   2.80000,
,,,0.000008253640,   2.80000,
,,,0.000008253680,   2.40000,
,,,0.000008253720,   2.40000,
,,,0.000008253760,   2.40000,
,,,0.000008253800,   2.40000,
,,,0.000008253840,   2.40000,
,,,0.000008253880,   2.40000,
,,,0.000008253920,   2.40000,
,,,0.000008253960,   2.40000,
,,,0.000008254000,   2.40000,
,,,0.000008254040,   2.40000,
,,,0.000008254080,   2.00000,
,,,0.000008254120,   2.00000,
,,,0.000008254160,   2.00000,
,,,0.000008254200,   2.00000,
,,,0.000008254240,   2.00000,
,,,0.000008254280,   2.00000,
,,,0.000008254320,   1.60000,
,,,0.000008254360,   1.60000,
,,,0.000008254400,   1.60000,
,,,0.000008254440,   1.60000,
,,,0.000008254480,   1.60000,
,,,0.000008254520,   1.60000,
,,,0.000008254560,   1.60000,
,,,0.000008254600,   1.60000,
,,,0.000008254640,   1.60000,
,,,0.000008254680,   1.60000,
,,,0.000008254720,   1.60000,
,,,0.000008254760,   1.60000,
,,,0.000008254800,   1.60000,
,,,0.000008254840,   1.60000,
,,,0.000008254880,   1.60000,
,,,0.000008254920,   1.60000,
,,,0.000008254960,   1.60000,
,,,0.000008255000,   2.00000,
,,,0.000008255040,   2.00000,
,,,0.000008255080,   2.00000,
,,,0.000008255120,   2.00000,
,,,0.000008255160,   1.60000,
,,,0.000008255200,   1.60000,
,,,0.000008255240,   1.60000,
,,,0.000008255280,   1.60000,
,,,0.000008255320,   1.60000,
,,,0.000008255360,   1.60000,
,,,0.000008255400,   1.60000,
,,,0.000008255440,   1.60000,
,,,0.000008255480,   1.60000,
,,,0.000008255520,   1.60000,
,,,0.000008255560,   1.60000,
,,,0.000008255600,   1.60000,
,,,0.000008255640,   1.60000,
,,,0.000008255680,   1.60000,
,,,0.000008255720,   1.60000,
,,,0.000008255760,   1.60000,
,,,0.000008255800,   1.60000,
,,,0.000008255840,   1.60000,
,,,0.000008255880,   1.60000,
,,,0.000008255920,   1.60000,
,,,0.000008255960,   1.60000,
,,,0.000008256000,   1.60000,
,,,0.000008256040,   1.60000,
,,,0.000008256080,   1.60000,
,,,0.000008256120,   1.20000,
,,,0.000008256160,   1.20000,
,,,0.000008256200,   1.20000,
,,,0.000008256240,   1.20000,
,,,0.000008256280,   1.20000,
,,,0.000008256320,   1.20000,
,,,0.000008256360,   1.20000,
,,,0.000008256400,   1.20000,
,,,0.000008256440,   1.20000,
,,,0.000008256480,   1.20000,
,,,0.000008256520,   1.20000,
,,,0.000008256560,   1.20000,
,,,0.000008256600,   1.20000,
,,,0.000008256640,   1.20000,
,,,0.000008256680,   1.20000,
,,,0.000008256720,   1.20000,
,,,0.000008256760,   1.20000,
,,,0.000008256800,   1.20000,
,,,0.000008256840,   1.20000,
,,,0.000008256880,   1.20000,
,,,0.000008256920,   1.20000,
,,,0.000008256960,   1.20000,
,,,0.000008257000,   1.60000,
,,,0.000008257040,   1.60000,
,,,0.000008257080,   1.60000,
,,,0.000008257120,   1.60000,
,,,0.000008257160,   1.60000,
,,,0.000008257200,   1.60000,
,,,0.000008257240,   1.60000,
,,,0.000008257280,   1.60000,
,,,0.000008257320,   1.60000,
,,,0.000008257360,   1.60000,
,,,0.000008257400,   1.60000,
,,,0.000008257440,   1.60000,
,,,0.000008257480,   1.60000,
,,,0.000008257520,   1.60000,
,,,0.000008257560,   1.60000,
,,,0.000008257600,   1.60000,
,,,0.000008257640,   1.20000,
,,,0.000008257680,   1.20000,
,,,0.000008257720,   1.20000,
,,,0.000008257760,   1.20000,
,,,0.000008257800,   1.20000,
,,,0.000008257840,   1.20000,
,,,0.000008257880,   1.20000,
,,,0.000008257920,   1.20000,
,,,0.000008257960,   1.20000,
,,,0.000008258000,   1.20000,
,,,0.000008258040,   1.20000,
,,,0.000008258080,   1.20000,
,,,0.000008258120,   0.80000,
,,,0.000008258160,   0.80000,
,,,0.000008258200,   0.80000,
,,,0.000008258240,   0.80000,
,,,0.000008258280,   0.80000,
,,,0.000008258320,   0.80000,
,,,0.000008258360,   0.80000,
,,,0.000008258400,   0.80000,
,,,0.000008258440,   0.80000,
,,,0.000008258480,   0.80000,
,,,0.000008258520,   0.80000,
,,,0.000008258560,   0.80000,
,,,0.000008258600,   0.80000,
,,,0.000008258640,   0.80000,
,,,0.000008258680,   0.80000,
,,,0.000008258720,   0.80000,
,,,0.000008258760,   0.80000,
,,,0.000008258800,   0.80000,
,,,0.000008258840,   0.80000,
,,,0.000008258880,   0.80000,
,,,0.000008258920,   0.80000,
,,,0.000008258960,   0.80000,
,,,0.000008259000,   1.20000,
,,,0.000008259040,   1.20000,
,,,0.000008259080,   1.20000,
,,,0.000008259120,   1.20000,
,,,0.000008259160,   1.20000,
,,,0.000008259200,   1.20000,
,,,0.000008259240,   1.20000,
,,,0.000008259280,   1.20000,
,,,0.000008259320,   1.20000,
,,,0.000008259360,   1.20000,
,,,0.000008259400,   1.20000,
,,,0.000008259440,   1.20000,
,,,0.000008259480,   1.20000,
,,,0.000008259520,   1.20000,
,,,0.000008259560,   1.20000,
,,,0.000008259600,   1.20000,
,,,0.000008259640,   1.20000,
,,,0.000008259680,   1.20000,
,,,0.000008259720,   1.20000,
,,,0.000008259760,   1.20000,
,,,0.000008259800,   1.20000,
,,,0.000008259840,   1.20000,
,,,0.000008259880,   1.20000,
,,,0.000008259920,   1.20000,
,,,0.000008259960,   1.20000,
,,,0.000008260000,   1.20000,
,,,0.000008260040,   1.20000,
,,,0.000008260080,   1.20000,
,,,0.000008260120,   0.80000,
,,,0.000008260160,   0.80000,
,,,0.000008260200,   0.80000,
,,,0.000008260240,   0.80000,
,,,0.000008260280,   0.80000,
,,,0.000008260320,   0.80000,
,,,0.000008260360,   0.80000,
,,,0.000008260400,   0.80000,
,,,0.000008260440,   0.80000,
,,,0.000008260480,   0.80000,
,,,0.000008260520,   0.80000,
,,,0.000008260560,   0.80000,
,,,0.000008260600,   0.80000,
,,,0.000008260640,   0.80000,
,,,0.000008260680,   0.80000,
,,,0.000008260720,   0.40000,
,,,0.000008260760,   0.40000,
,,,0.000008260800,   0.40000,
,,,0.000008260840,   0.40000,
,,,0.000008260880,   0.80000,
,,,0.000008260920,   0.80000,
,,,0.000008260960,   0.80000,
,,,0.000008261000,   0.80000,
,,,0.000008261040,   0.80000,
,,,0.000008261080,   0.80000,
,,,0.000008261120,   0.80000,
,,,0.000008261160,   0.80000,
,,,0.000008261200,   0.80000,
,,,0.000008261240,   0.80000,
,,,0.000008261280,   0.80000,
,,,0.000008261320,   0.80000,
,,,0.000008261360,   0.80000,
,,,0.000008261400,   0.80000,
,,,0.000008261440,   0.80000,
,,,0.000008261480,   0.80000,
,,,0.000008261520,   1.20000,
,,,0.000008261560,   1.20000,
,,,0.000008261600,   1.20000,
,,,0.000008261640,   1.20000,
,,,0.000008261680,   1.20000,
,,,0.000008261720,   1.20000,
,,,0.000008261760,   1.20000,
,,,0.000008261800,   1.20000,
,,,0.000008261840,   1.20000,
,,,0.000008261880,   1.20000,
,,,0.000008261920,   1.60000,
,,,0.000008261960,   1.60000,
,,,0.000008262000,   1.60000,
,,,0.000008262040,   1.60000,
,,,0.000008262080,   1.60000,
,,,0.000008262120,   1.60000,
,,,0.000008262160,   1.20000,
,,,0.000008262200,   1.20000,
,,,0.000008262240,   1.20000,
,,,0.000008262280,   1.20000,
,,,0.000008262320,   1.20000,
,,,0.000008262360,   1.20000,
,,,0.000008262400,   1.20000,
,,,0.000008262440,   1.20000,
,,,0.000008262480,   1.20000,
,,,0.000008262520,   1.20000,
,,,0.000008262560,   1.20000,
,,,0.000008262600,   1.20000,
,,,0.000008262640,   1.20000,
,,,0.000008262680,   1.20000,
,,,0.000008262720,   1.20000,
,,,0.000008262760,   1.20000,
,,,0.000008262800,   1.20000,
,,,0.000008262840,   1.20000,
,,,0.000008262880,   1.20000,
,,,0.000008262920,   1.20000,
,,,0.000008262960,   1.20000,
,,,0.000008263000,   1.60000,
,,,0.000008263040,   1.60000,
,,,0.000008263080,   1.60000,
,,,0.000008263120,   1.60000,
,,,0.000008263160,   1.60000,
,,,0.000008263200,   1.60000,
,,,0.000008263240,   1.60000,
,,,0.000008263280,   1.60000,
,,,0.000008263320,   1.60000,
,,,0.000008263360,   1.60000,
,,,0.000008263400,   1.60000,
,,,0.000008263440,   1.60000,
,,,0.000008263480,   1.60000,
,,,0.000008263520,   1.60000,
,,,0.000008263560,   1.60000,
,,,0.000008263600,   1.60000,
,,,0.000008263640,   1.60000,
,,,0.000008263680,   1.60000,
,,,0.000008263720,   1.60000,
,,,0.000008263760,   1.60000,
,,,0.000008263800,   1.60000,
,,,0.000008263840,   1.60000,
,,,0.000008263880,   1.60000,
,,,0.000008263920,   1.60000,
,,,0.000008263960,   1.60000,
,,,0.000008264000,   1.60000,
,,,0.000008264040,   1.60000,
,,,0.000008264080,   1.60000,
,,,0.000008264120,   1.20000,
,,,0.000008264160,   1.20000,
,,,0.000008264200,   1.20000,
,,,0.000008264240,   1.20000,
,,,0.000008264280,   1.20000,
,,,0.000008264320,   1.20000,
,,,0.000008264360,   1.20000,
,,,0.000008264400,   1.20000,
,,,0.000008264440,   1.20000,
,,,0.000008264480,   1.20000,
,,,0.000008264520,   1.20000,
,,,0.000008264560,   1.20000,
,,,0.000008264600,   1.20000,
,,,0.000008264640,   1.20000,
,,,0.000008264680,   1.20000,
,,,0.000008264720,   1.20000,
,,,0.000008264760,   1.20000,
,,,0.000008264800,   1.20000,
,,,0.000008264840,   1.20000,
,,,0.000008264880,   1.20000,
,,,0.000008264920,   1.20000,
,,,0.000008264960,   1.20000,
,,,0.000008265000,   1.20000,
,,,0.000008265040,   1.20000,
,,,0.000008265080,   1.20000,
,,,0.000008265120,   0.80000,
,,,0.000008265160,   0.80000,
,,,0.000008265200,   0.80000,
,,,0.000008265240,   0.80000,
,,,0.000008265280,   0.80000,
,,,0.000008265320,   0.80000,
,,,0.000008265360,   0.80000,
,,,0.000008265400,   0.80000,
,,,0.000008265440,   0.80000,
,,,0.000008265480,   0.80000,
,,,0.000008265520,   0.80000,
,,,0.000008265560,   0.80000,
,,,0.000008265600,   0.80000,
,,,0.000008265640,   0.80000,
,,,0.000008265680,   0.80000,
,,,0.000008265720,   0.80000,
,,,0.000008265760,   0.80000,
,,,0.000008265800,   0.80000,
,,,0.000008265840,   0.80000,
,,,0.000008265880,   0.80000,
,,,0.000008265920,   0.80000,
,,,0.000008265960,   0.80000,
,,,0.000008266000,   0.80000,
,,,0.000008266040,   0.80000,
,,,0.000008266080,   0.80000,
,,,0.000008266120,   0.80000,
,,,0.000008266160,   0.80000,
,,,0.000008266200,   0.80000,
,,,0.000008266240,   0.80000,
,,,0.000008266280,   0.80000,
,,,0.000008266320,   0.80000,
,,,0.000008266360,   0.80000,
,,,0.000008266400,   0.80000,
,,,0.000008266440,   0.80000,
,,,0.000008266480,   0.80000,
,,,0.000008266520,   0.80000,
,,,0.000008266560,   0.80000,
,,,0.000008266600,   0.80000,
,,,0.000008266640,   0.80000,
,,,0.000008266680,   0.80000,
,,,0.000008266720,   0.80000,
,,,0.000008266760,   0.80000,
,,,0.000008266800,   0.80000,
,,,0.000008266840,   0.80000,
,,,0.000008266880,   0.80000,
,,,0.000008266920,   0.80000,
,,,0.000008266960,   1.20000,
,,,0.000008267000,   1.20000,
,,,0.000008267040,   1.20000,
,,,0.000008267080,   1.20000,
,,,0.000008267120,   1.20000,
,,,0.000008267160,   0.80000,
,,,0.000008267200,   0.80000,
,,,0.000008267240,   0.80000,
,,,0.000008267280,   0.80000,
,,,0.000008267320,   0.80000,
,,,0.000008267360,   0.80000,
,,,0.000008267400,   0.80000,
,,,0.000008267440,   0.80000,
,,,0.000008267480,   0.80000,
,,,0.000008267520,   0.80000,
,,,0.000008267560,   0.80000,
,,,0.000008267600,   0.80000,
,,,0.000008267640,   0.80000,
,,,0.000008267680,   0.80000,
,,,0.000008267720,   0.80000,
,,,0.000008267760,   0.80000,
,,,0.000008267800,   0.80000,
,,,0.000008267840,   0.80000,
,,,0.000008267880,   0.80000,
,,,0.000008267920,   0.80000,
,,,0.000008267960,   0.80000,
,,,0.000008268000,   0.80000,
,,,0.000008268040,   0.80000,
,,,0.000008268080,   0.80000,
,,,0.000008268120,   0.40000,
,,,0.000008268160,   0.40000,
,,,0.000008268200,   0.40000,
,,,0.000008268240,   0.40000,
,,,0.000008268280,   0.40000,
,,,0.000008268320,   0.40000,
,,,0.000008268360,   0.40000,
,,,0.000008268400,   0.40000,
,,,0.000008268440,   0.40000,
,,,0.000008268480,   0.40000,
,,,0.000008268520,   0.40000,
,,,0.000008268560,   0.40000,
,,,0.000008268600,   0.40000,
,,,0.000008268640,   0.40000,
,,,0.000008268680,   0.40000,
,,,0.000008268720,   0.40000,
,,,0.000008268760,   0.40000,
,,,0.000008268800,   0.40000,
,,,0.000008268840,   0.40000,
,,,0.000008268880,   0.40000,
,,,0.000008268920,   0.40000,
,,,0.000008268960,   0.40000,
,,,0.000008269000,   0.40000,
,,,0.000008269040,   0.40000,
,,,0.000008269080,   0.40000,
,,,0.000008269120,   0.40000,
,,,0.000008269160,   0.40000,
,,,0.000008269200,   0.40000,
,,,0.000008269240,   0.40000,
,,,0.000008269280,   0.40000,
,,,0.000008269320,   0.40000,
,,,0.000008269360,   0.40000,
,,,0.000008269400,   0.40000,
,,,0.000008269440,   0.40000,
,,,0.000008269480,   0.40000,
,,,0.000008269520,   0.40000,
,,,0.000008269560,   0.40000,
,,,0.000008269600,   0.40000,
,,,0.000008269640,   0.00000,
,,,0.000008269680,   0.00000,
,,,0.000008269720,   0.00000,
,,,0.000008269760,   0.00000,
,,,0.000008269800,   0.00000,
,,,0.000008269840,   0.00000,
,,,0.000008269880,   0.00000,
,,,0.000008269920,   0.00000,
,,,0.000008269960,   0.00000,
,,,0.000008270000,   0.00000,
,,,0.000008270040,   0.00000,
,,,0.000008270080,   0.00000,
,,,0.000008270120,   0.00000,
,,,0.000008270160,   0.00000,
,,,0.000008270200,   0.00000,
,,,0.000008270240,   0.00000,
,,,0.000008270280,   0.00000,
,,,0.000008270320,   0.00000,
,,,0.000008270360,   0.00000,
,,,0.000008270400,   0.00000,
,,,0.000008270440,   0.00000,
,,,0.000008270480,   0.40000,
,,,0.000008270520,   0.40000,
,,,0.000008270560,   0.40000,
,,,0.000008270600,   0.40000,
,,,0.000008270640,   0.00000,
,,,0.000008270680,   0.00000,
,,,0.000008270720,   0.00000,
,,,0.000008270760,   0.00000,
,,,0.000008270800,   0.00000,
,,,0.000008270840,   0.00000,
,,,0.000008270880,   0.00000,
,,,0.000008270920,   0.00000,
,,,0.000008270960,   0.00000,
,,,0.000008271000,   0.00000,
,,,0.000008271040,   0.00000,
,,,0.000008271080,   0.00000,
,,,0.000008271120,   0.00000,
,,,0.000008271160,   0.00000,
,,,0.000008271200,   0.00000,
,,,0.000008271240,   0.00000,
,,,0.000008271280,   0.00000,
,,,0.000008271320,   0.00000,
,,,0.000008271360,   0.00000,
,,,0.000008271400,   0.00000,
,,,0.000008271440,   0.00000,
,,,0.000008271480,   0.40000,
,,,0.000008271520,   0.40000,
,,,0.000008271560,   0.40000,
,,,0.000008271600,   0.40000,
,,,0.000008271640,   0.40000,
,,,0.000008271680,   0.40000,
,,,0.000008271720,   0.40000,
,,,0.000008271760,   0.40000,
,,,0.000008271800,   0.40000,
,,,0.000008271840,   0.40000,
,,,0.000008271880,   0.40000,
,,,0.000008271920,   0.40000,
,,,0.000008271960,   0.40000,
,,,0.000008272000,   0.40000,
,,,0.000008272040,   0.40000,
,,,0.000008272080,   0.40000,
,,,0.000008272120,   0.40000,
,,,0.000008272160,   0.40000,
,,,0.000008272200,   0.40000,
,,,0.000008272240,   0.40000,
,,,0.000008272280,   0.40000,
,,,0.000008272320,   0.40000,
,,,0.000008272360,   0.40000,
,,,0.000008272400,   0.40000,
,,,0.000008272440,   0.40000,
,,,0.000008272480,   0.80000,
,,,0.000008272520,   0.80000,
,,,0.000008272560,   0.80000,
,,,0.000008272600,   0.80000,
,,,0.000008272640,   0.80000,
,,,0.000008272680,   0.80000,
,,,0.000008272720,   0.80000,
,,,0.000008272760,   0.80000,
,,,0.000008272800,   0.80000,
,,,0.000008272840,   0.80000,
,,,0.000008272880,   0.80000,
,,,0.000008272920,   0.80000,
,,,0.000008272960,   0.80000,
,,,0.000008273000,   0.80000,
,,,0.000008273040,   0.80000,
,,,0.000008273080,   0.80000,
,,,0.000008273120,   0.80000,
,,,0.000008273160,   0.80000,
,,,0.000008273200,   0.80000,
,,,0.000008273240,   0.80000,
,,,0.000008273280,   0.80000,
,,,0.000008273320,   0.80000,
,,,0.000008273360,   0.80000,
,,,0.000008273400,   0.80000,
,,,0.000008273440,   0.80000,
,,,0.000008273480,   1.20000,
,,,0.000008273520,   1.20000,
,,,0.000008273560,   1.20000,
,,,0.000008273600,   1.20000,
,,,0.000008273640,   1.20000,
,,,0.000008273680,   1.20000,
,,,0.000008273720,   1.20000,
,,,0.000008273760,   1.20000,
,,,0.000008273800,   1.20000,
,,,0.000008273840,   1.20000,
,,,0.000008273880,   1.20000,
,,,0.000008273920,   1.20000,
,,,0.000008273960,   1.20000,
,,,0.000008274000,   1.20000,
,,,0.000008274040,   1.20000,
,,,0.000008274080,   1.20000,
,,,0.000008274120,   0.80000,
,,,0.000008274160,   0.80000,
,,,0.000008274200,   0.80000,
,,,0.000008274240,   0.80000,
,,,0.000008274280,   0.80000,
,,,0.000008274320,   0.80000,
,,,0.000008274360,   0.80000,
,,,0.000008274400,   0.80000,
,,,0.000008274440,   0.80000,
,,,0.000008274480,   0.80000,
,,,0.000008274520,   0.80000,
,,,0.000008274560,   0.80000,
,,,0.000008274600,   0.80000,
,,,0.000008274640,   0.80000,
,,,0.000008274680,   0.80000,
,,,0.000008274720,   0.80000,
,,,0.000008274760,   0.80000,
,,,0.000008274800,   0.80000,
,,,0.000008274840,   0.80000,
,,,0.000008274880,   0.80000,
,,,0.000008274920,   0.80000,
,,,0.000008274960,   0.80000,
,,,0.000008275000,   0.80000,
,,,0.000008275040,   0.80000,
,,,0.000008275080,   0.80000,
,,,0.000008275120,   0.80000,
,,,0.000008275160,   0.80000,
,,,0.000008275200,   0.80000,
,,,0.000008275240,   0.80000,
,,,0.000008275280,   0.80000,
,,,0.000008275320,   0.80000,
,,,0.000008275360,   0.80000,
,,,0.000008275400,   0.80000,
,,,0.000008275440,   0.80000,
,,,0.000008275480,   0.80000,
,,,0.000008275520,   0.80000,
,,,0.000008275560,   0.80000,
,,,0.000008275600,   0.80000,
,,,0.000008275640,   0.80000,
,,,0.000008275680,   0.80000,
,,,0.000008275720,   0.80000,
,,,0.000008275760,   0.80000,
,,,0.000008275800,   0.80000,
,,,0.000008275840,   0.80000,
,,,0.000008275880,   0.80000,
,,,0.000008275920,   0.80000,
,,,0.000008275960,   0.80000,
,,,0.000008276000,   0.80000,
,,,0.000008276040,   0.80000,
,,,0.000008276080,   0.80000,
,,,0.000008276120,   0.80000,
,,,0.000008276160,   0.80000,
,,,0.000008276200,   0.80000,
,,,0.000008276240,   0.80000,
,,,0.000008276280,   0.80000,
,,,0.000008276320,   0.80000,
,,,0.000008276360,   0.80000,
,,,0.000008276400,   0.80000,
,,,0.000008276440,   0.80000,
,,,0.000008276480,   0.80000,
,,,0.000008276520,   0.80000,
,,,0.000008276560,   0.80000,
,,,0.000008276600,   0.80000,
,,,0.000008276640,   0.40000,
,,,0.000008276680,   0.40000,
,,,0.000008276720,   0.40000,
,,,0.000008276760,   0.40000,
,,,0.000008276800,   0.40000,
,,,0.000008276840,   0.40000,
,,,0.000008276880,   0.40000,
,,,0.000008276920,   0.40000,
,,,0.000008276960,   0.40000,
,,,0.000008277000,   0.40000,
,,,0.000008277040,   0.40000,
,,,0.000008277080,   0.40000,
,,,0.000008277120,   0.40000,
,,,0.000008277160,   0.40000,
,,,0.000008277200,   0.40000,
,,,0.000008277240,   0.40000,
,,,0.000008277280,   0.40000,
,,,0.000008277320,   0.40000,
,,,0.000008277360,   0.40000,
,,,0.000008277400,   0.40000,
,,,0.000008277440,   0.40000,
,,,0.000008277480,   0.80000,
,,,0.000008277520,   0.80000,
,,,0.000008277560,   0.80000,
,,,0.000008277600,   0.80000,
,,,0.000008277640,   0.80000,
,,,0.000008277680,   0.80000,
,,,0.000008277720,   0.80000,
,,,0.000008277760,   0.80000,
,,,0.000008277800,   0.80000,
,,,0.000008277840,   0.80000,
,,,0.000008277880,   0.80000,
,,,0.000008277920,   0.80000,
,,,0.000008277960,   0.80000,
,,,0.000008278000,   0.80000,
,,,0.000008278040,   0.80000,
,,,0.000008278080,   0.80000,
,,,0.000008278120,   0.80000,
,,,0.000008278160,   0.80000,
,,,0.000008278200,   0.80000,
,,,0.000008278240,   0.80000,
,,,0.000008278280,   0.80000,
,,,0.000008278320,   0.80000,
,,,0.000008278360,   0.80000,
,,,0.000008278400,   0.80000,
,,,0.000008278440,   0.80000,
,,,0.000008278480,   0.80000,
,,,0.000008278520,   0.80000,
,,,0.000008278560,   0.80000,
,,,0.000008278600,   0.80000,
,,,0.000008278640,   0.40000,
,,,0.000008278680,   0.40000,
,,,0.000008278720,   0.40000,
,,,0.000008278760,   0.40000,
