<?xml version="1.0" encoding="utf-8"?>
<!--/226230/501475/2.49/8/3/Integrated Circuit/-->
<quadcept_library>
  <setting unit="mil" />
  <textstyle name="Default" height="47.244094488189" strokewidth="7.8740157480315" charwidth="47.244094488189" />
  <textstyle name="Dimension" height="19.6850393700787" strokewidth="0" charwidth="19.6850393700787" />
  <textstyle name="H127W0635TH00762" height="50" strokewidth="3" charwidth="25" />
  <textstyle name="H15W15TH02" height="59.0551181102362" strokewidth="7.8740157480315" charwidth="59.0551181102362" />
  <padstyle name="c116_h76" surface="False" plated="True" isvia="False" nopaste="True" nomask="True" complex="False" holesize="29.921259842519">
    <padshape layer="TOP" shape="round" width="45.669291338582" height="45.669291338582" />
    <padshape layer="TOP_SOLDER_MASK" shape="round" width="53.543307086614" height="53.543307086614" />
    <padshape layer="INNER" shape="round" width="45.669291338582" height="45.669291338582" />
    <padshape layer="BOTTOM" shape="round" width="45.669291338582" height="45.669291338582" />
    <padshape layer="BOTTOM_SOLDER_MASK" shape="round" width="53.543307086614" height="53.543307086614" />
  </padstyle>
  <padstyle name="s116_h76" surface="False" plated="True" isvia="False" nopaste="True" nomask="True" complex="False" holesize="29.921259842519">
    <padshape layer="TOP" shape="square" width="45.669291338582" height="45.669291338582" />
    <padshape layer="TOP_SOLDER_MASK" shape="square" width="53.543307086614" height="53.543307086614" />
    <padshape layer="INNER" shape="round" width="45.669291338582" height="45.669291338582" />
    <padshape layer="BOTTOM" shape="square" width="45.669291338582" height="45.669291338582" />
    <padshape layer="BOTTOM_SOLDER_MASK" shape="square" width="53.543307086614" height="53.543307086614" />
  </padstyle>
  <footprint name="DIP794W56P254L959H533Q8N" originx="0" originy="0" pickpointx="0" pickpointy="0">
    <pcbpin number="1" name="1" style="s116_h76" originx="-156.29921259842" originy="150" rotation="90" />
    <pcbpin number="2" name="2" style="c116_h76" originx="-156.29921259842" originy="49.999999999999" rotation="90" />
    <pcbpin number="3" name="3" style="c116_h76" originx="-156.29921259842" originy="-49.999999999999" rotation="90" />
    <pcbpin number="4" name="4" style="c116_h76" originx="-156.29921259842" originy="-150" rotation="90" />
    <pcbpin number="5" name="5" style="c116_h76" originx="156.29921259842" originy="-150" rotation="90" />
    <pcbpin number="6" name="6" style="c116_h76" originx="156.29921259842" originy="-49.999999999999" rotation="90" />
    <pcbpin number="7" name="7" style="c116_h76" originx="156.29921259842" originy="49.999999999999" rotation="90" />
    <pcbpin number="8" name="8" style="c116_h76" originx="156.29921259842" originy="150" rotation="90" />
    <line layer="TOP_PLACE_BOUND" originx="-195.27559055118" originy="209.84251968504" endx="195.27559055118" endy="209.84251968504" width="1.9685039370079" />
    <line layer="TOP_PLACE_BOUND" originx="195.27559055118" originy="209.84251968504" endx="195.27559055118" endy="-209.84251968504" width="1.9685039370079" />
    <line layer="TOP_PLACE_BOUND" originx="195.27559055118" originy="-209.84251968504" endx="-195.27559055118" endy="-209.84251968504" width="1.9685039370079" />
    <line layer="TOP_PLACE_BOUND" originx="-195.27559055118" originy="-209.84251968504" endx="-195.27559055118" endy="209.84251968504" width="1.9685039370079" />
    <line layer="TOP_ASSEMBLY" originx="-139.96062992126" originy="200" endx="139.96062992126" endy="200" width="3.9370078740157" />
    <line layer="TOP_ASSEMBLY" originx="139.96062992126" originy="200" endx="139.96062992126" endy="-200" width="3.9370078740157" />
    <line layer="TOP_ASSEMBLY" originx="139.96062992126" originy="-200" endx="-139.96062992126" endy="-200" width="3.9370078740157" />
    <line layer="TOP_ASSEMBLY" originx="-139.96062992126" originy="-200" endx="-139.96062992126" endy="200" width="3.9370078740157" />
    <line layer="TOP_ASSEMBLY" originx="-139.96062992126" originy="150" endx="-89.960629921259" endy="200" width="3.9370078740157" />
    <line layer="TOP_SILKSCREEN" originx="-179.13385826771" originy="200" endx="139.96062992126" endy="200" width="7.8740157480314" />
    <line layer="TOP_SILKSCREEN" originx="-139.96062992126" originy="-200" endx="139.96062992126" endy="-200" width="7.8740157480314" />
  </footprint>
  <symbol name="NCP5111PG" originx="0" originy="0">
    <line originx="200" originy="100" endx="1100" endy="100" width="0" />
    <line originx="1100" originy="-400" endx="1100" endy="100" width="0" />
    <line originx="1100" originy="-400" endx="200" endy="-400" width="0" />
    <line originx="200" originy="100" endx="200" endy="-400" width="0" />
    <sympin number="1" originx="200" originy="0" rotation="180" length="100" width="7.8740157480315" flipped="False">
      <text name="pinname" originx="230" originy="0" style="Default" rotation="0" justify="left" flipped="False" hidden="False" data="VCC" />
      <text name="pindes" originx="140" originy="20" style="Default" rotation="0" justify="lowerright" flipped="False" hidden="False" data="1" />
    </sympin>
    <sympin number="2" originx="200" originy="-100" rotation="180" length="100" width="7.8740157480315" flipped="False">
      <text name="pinname" originx="230" originy="-100" style="Default" rotation="0" justify="left" flipped="False" hidden="False" data="IN" />
      <text name="pindes" originx="140" originy="-80" style="Default" rotation="0" justify="lowerright" flipped="False" hidden="False" data="2" />
    </sympin>
    <sympin number="3" originx="200" originy="-200" rotation="180" length="100" width="7.8740157480315" flipped="False">
      <text name="pinname" originx="230" originy="-200" style="Default" rotation="0" justify="left" flipped="False" hidden="False" data="GND" />
      <text name="pindes" originx="140" originy="-180" style="Default" rotation="0" justify="lowerright" flipped="False" hidden="False" data="3" />
    </sympin>
    <sympin number="4" originx="200" originy="-300" rotation="180" length="100" width="7.8740157480315" flipped="False">
      <text name="pinname" originx="230" originy="-300" style="Default" rotation="0" justify="left" flipped="False" hidden="False" data="DRV_LO" />
      <text name="pindes" originx="140" originy="-280" style="Default" rotation="0" justify="lowerright" flipped="False" hidden="False" data="4" />
    </sympin>
    <sympin number="8" originx="1100" originy="0" rotation="0" length="100" width="7.8740157480315" flipped="False">
      <text name="pinname" originx="1070" originy="0" style="Default" rotation="0" justify="right" flipped="False" hidden="False" data="VBOOT" />
      <text name="pindes" originx="1160" originy="20" style="Default" rotation="0" justify="lowerleft" flipped="False" hidden="False" data="8" />
    </sympin>
    <sympin number="7" originx="1100" originy="-100" rotation="0" length="100" width="7.8740157480315" flipped="False">
      <text name="pinname" originx="1070" originy="-100" style="Default" rotation="0" justify="right" flipped="False" hidden="False" data="DRV_HI" />
      <text name="pindes" originx="1160" originy="-80" style="Default" rotation="0" justify="lowerleft" flipped="False" hidden="False" data="7" />
    </sympin>
    <sympin number="6" originx="1100" originy="-200" rotation="0" length="100" width="7.8740157480315" flipped="False">
      <text name="pinname" originx="1070" originy="-200" style="Default" rotation="0" justify="right" flipped="False" hidden="False" data="BRIDGE" />
      <text name="pindes" originx="1160" originy="-180" style="Default" rotation="0" justify="lowerleft" flipped="False" hidden="False" data="6" />
    </sympin>
    <sympin number="5" originx="1100" originy="-300" rotation="0" length="100" width="7.8740157480315" flipped="False">
      <text name="pinname" originx="1070" originy="-300" style="Default" rotation="0" justify="right" flipped="False" hidden="False" data="NC" />
      <text name="pindes" originx="1160" originy="-280" style="Default" rotation="0" justify="lowerleft" flipped="False" hidden="False" data="5" />
    </sympin>
  </symbol>
  <component name="NCP5111PG" designatorprefix="IC" height="209.84251968504" footprint="DIP794W56P254L959H533Q8N">
    <comppin designator="1" sympin="1" pinswap="0" gateswap="0" gate="1" group="1" side="" type="Any" name="VCC" />
    <comppin designator="2" sympin="2" pinswap="0" gateswap="0" gate="1" group="1" side="" type="Any" name="IN" />
    <comppin designator="3" sympin="3" pinswap="0" gateswap="0" gate="1" group="1" side="" type="Any" name="GND" />
    <comppin designator="4" sympin="4" pinswap="0" gateswap="0" gate="1" group="1" side="" type="Any" name="DRV_LO" />
    <comppin designator="5" sympin="5" pinswap="0" gateswap="0" gate="1" group="1" side="" type="Any" name="NC" />
    <comppin designator="6" sympin="6" pinswap="0" gateswap="0" gate="1" group="1" side="" type="Any" name="BRIDGE" />
    <comppin designator="7" sympin="7" pinswap="0" gateswap="0" gate="1" group="1" side="" type="Any" name="DRV_HI" />
    <comppin designator="8" sympin="8" pinswap="0" gateswap="0" gate="1" group="1" side="" type="Any" name="VBOOT" />
    <attached_symbol gate="1" name="NCP5111PG" />
    <pinmap designator="1" footprintpin="1" />
    <pinmap designator="2" footprintpin="2" />
    <pinmap designator="3" footprintpin="3" />
    <pinmap designator="4" footprintpin="4" />
    <pinmap designator="5" footprintpin="5" />
    <pinmap designator="6" footprintpin="6" />
    <pinmap designator="7" footprintpin="7" />
    <pinmap designator="8" footprintpin="8" />
    <text name="Datasheet" originx="0" originy="0" style="Default" rotation="0" justify="" flipped="False" hidden="True" data="http://www.onsemi.com/pub/Collateral/NCP5111-D.PDF" />
    <text name="Description" originx="0" originy="0" style="Default" rotation="0" justify="" flipped="False" hidden="True" data="ON Semiconductor NCP5111PG, Dual MOSFET Power Driver 500mA Half Bridge, 10  20 V, Inverting, 8-Pin PDIP" />
    <text name="Manufacturer_Name" originx="0" originy="0" style="Default" rotation="0" justify="" flipped="False" hidden="True" data="ON Semiconductor" />
    <text name="Manufacturer_Part_Number" originx="1150" originy="200" style="Default" rotation="0" justify="left" flipped="False" hidden="False" data="NCP5111PG" />
    <text name="Mouser Part Number" originx="0" originy="0" style="Default" rotation="0" justify="" flipped="False" hidden="True" data="863-NCP5111PG" />
    <text name="Mouser Price/Stock" originx="0" originy="0" style="Default" rotation="0" justify="" flipped="False" hidden="True" data="https://www.mouser.com/Search/Refine.aspx?Keyword=863-NCP5111PG" />
    <text name="Arrow Part Number" originx="0" originy="0" style="Default" rotation="0" justify="" flipped="False" hidden="True" data="" />
    <text name="Arrow Price/Stock" originx="0" originy="0" style="Default" rotation="0" justify="" flipped="False" hidden="True" data="" />
  </component>
</quadcept_library>
